category_en,category_pt,items,orders,gmv,gmv_rank,gmv_share,cum_share,abc_class
health_beauty,beleza_saude,9465,8647,1233131.72,1,0.0945,0.0945,A
watches_gifts,relogios_presentes,5859,5495,1166176.98,2,0.0894,0.1838,A
bed_bath_table,cama_mesa_banho,10953,9272,1023434.76,3,0.0784,0.2623,A
sports_leisure,esporte_lazer,8431,7530,954852.55,4,0.0732,0.3354,A
computers_accessories,informatica_acessorios,7644,6530,888724.61,5,0.0681,0.4035,A
furniture_decor,moveis_decoracao,8160,6307,711927.69,6,0.0546,0.4581,A
housewares,utilidades_domesticas,6795,5743,615628.69,7,0.0472,0.5052,A
cool_stuff,cool_stuff,3718,3559,610204.1,8,0.0468,0.552,A
auto,automotivo,4140,3810,578966.65,9,0.0444,0.5964,A
toys,brinquedos,4030,3804,471286.48,10,0.0361,0.6325,A
garden_tools,ferramentas_jardim,4268,3448,470495.28,11,0.0361,0.6685,A
baby,bebes,2982,2809,400421.84,12,0.0307,0.6992,A
perfumery,perfumaria,3340,3086,390144.65,13,0.0299,0.7291,A
telephony,telefonia,4430,4093,309860.23,14,0.0237,0.7528,A
office_furniture,moveis_escritorio,1668,1254,268154.31,15,0.0205,0.7734,A
stationery,papelaria,2466,2264,223788.69,16,0.0171,0.7905,A
computers,pcs,199,177,218684.14,17,0.0168,0.8073,A
pet_shop,pet_shop,1924,1688,211695.64,18,0.0162,0.8235,B
musical_instruments,instrumentos_musicais,651,611,184315.74,19,0.0141,0.8376,B
small_appliances,eletroportateis,658,609,182754.12,20,0.014,0.8516,B
electronics,eletronicos,2729,2517,155043.93,21,0.0119,0.8635,B
fashion_bags_accessories,fashion_bolsas_e_acessorios,1985,1820,149329.39,22,0.0114,0.875,B
consoles_games,consoles_games,1089,1018,148003.37,23,0.0113,0.8863,B
construction_tools_construction,construcao_ferramentas_construcao,916,736,142108.49,24,0.0109,0.8972,B
luggage_accessories,malas_acessorios,1077,1019,138701.63,25,0.0106,0.9078,B
home_appliances_2,eletrodomesticos_2,231,227,107953.95,26,0.0083,0.9161,B
home_construction,casa_construcao,596,483,81407.57,27,0.0062,0.9223,B
home_appliances,eletrodomesticos,754,747,78832.48,28,0.006,0.9284,B
agro_industry_and_commerce,agro_industria_e_comercio,206,177,70566.1,29,0.0054,0.9338,B
furniture_living_room,moveis_sala,495,414,67350.7,30,0.0052,0.9389,B
home_confort,casa_conforto,429,392,58008.45,31,0.0044,0.9434,B
fixed_telephony,telefonia_fixa,255,212,55315.21,32,0.0042,0.9476,B
air_conditioning,climatizacao,289,246,53323.56,33,0.0041,0.9517,B
audio,audio,362,348,50570.6,34,0.0039,0.9556,C
small_appliances_home_oven_and_coffee,portateis_casa_forno_e_cafe,73,72,46589.56,35,0.0036,0.9592,C
kitchen_dining_laundry_garden_furniture,moveis_cozinha_area_de_servico_jantar_e_jardim,274,241,45531.98,36,0.0035,0.9626,C
books_general_interest,livros_interesse_geral,537,496,45302.15,37,0.0035,0.9661,C
construction_tools_lights,construcao_ferramentas_iluminacao,301,242,39957.0,38,0.0031,0.9692,C
construction_tools_safety,construcao_ferramentas_seguranca,183,159,38773.22,39,0.003,0.9722,C
industry_commerce_and_business,industria_comercio_e_negocios,265,232,38498.81,40,0.0029,0.9751,C
food,alimentos,499,441,28731.15,41,0.0022,0.9773,C
market_place,market_place,305,274,27795.77,42,0.0021,0.9794,C
costruction_tools_garden,construcao_ferramentas_jardim,232,190,25096.28,43,0.0019,0.9814,C
art,artes,197,195,23657.3,44,0.0018,0.9832,C
fashion_shoes,fashion_calcados,257,235,23001.46,45,0.0018,0.9849,C
drinks,bebidas,361,287,21529.84,46,0.0016,0.9866,C
signaling_and_security,sinalizacao_e_seguranca,197,138,21315.05,47,0.0016,0.9882,C
furniture_bedroom,moveis_quarto,103,90,19051.8,48,0.0015,0.9897,C
books_technical,livros_tecnicos,263,256,18702.23,49,0.0014,0.9911,C
costruction_tools_tools,construcao_ferramentas_ferramentas,103,97,15903.95,50,0.0012,0.9923,C
food_drink,alimentos_bebidas,269,221,14942.88,51,0.0011,0.9935,C
fashion_male_clothing,fashion_roupa_masculina,125,106,10452.33,52,0.0008,0.9943,C
fashion_underwear_beach,fashion_underwear_e_moda_praia,127,117,9305.95,53,0.0007,0.995,C
christmas_supplies,artigos_de_natal,150,125,8737.84,54,0.0007,0.9957,C
tablets_printing_image,tablets_impressao_imagem,83,79,7528.41,55,0.0006,0.9962,C
cine_photo,cine_foto,70,63,6674.47,56,0.0005,0.9967,C
music,musica,38,38,6034.35,57,0.0005,0.9972,C
dvds_blu_ray,dvds_blu_ray,61,56,4542.59,58,0.0003,0.9976,C
party_supplies,artigos_de_festas,42,38,4465.19,59,0.0003,0.9979,C
books_imported,livros_importados,57,50,4418.86,60,0.0003,0.9982,C
furniture_mattress_and_upholstery,moveis_colchao_e_estofado,37,37,4323.38,61,0.0003,0.9986,C
portable_kitchen_and_food_preparers,portateis_cozinha_e_preparadores_de_alimentos,14,13,3933.63,62,0.0003,0.9989,C
fashio_female_clothing,fashion_roupa_feminina,45,36,2634.94,63,0.0002,0.9991,C
fashion_sport,fashion_esporte,29,26,2094.52,64,0.0002,0.9992,C
la_cuisine,la_cuisine,14,13,2054.99,65,0.0002,0.9994,C
arts_and_craftmanship,artes_e_artesanato,24,23,1814.01,66,0.0001,0.9995,C
diapers_and_hygiene,fraldas_higiene,37,25,1500.79,67,0.0001,0.9996,C
pc_gamer,pc_gamer,8,7,1306.95,68,0.0001,0.9997,C
flowers,flores,33,29,1110.04,69,0.0001,0.9998,C
home_comfort_2,casa_conforto_2,30,24,760.27,70,0.0001,0.9999,C
cds_dvds_musicals,cds_dvds_musicais,14,12,730.0,71,0.0001,0.9999,C
fashion_childrens_clothes,fashion_roupa_infanto_juvenil,7,7,519.95,72,0.0,1.0,C
security_and_services,seguros_e_servicos,2,2,283.29,73,0.0,1.0,C
