customer_state,customer_region,orders,gmv,freight,freight_share,late_rate,avg_delivery_days,avg_promised_days,avg_review
AC,North,80,15930.97,3644.36,0.1862,0.0375,21.04,41.11,4.088
AL,Northeast,397,78855.72,15316.77,0.1626,0.2141,24.54,32.58,3.848
AM,North,145,22155.84,5429.63,0.1968,0.0276,26.43,45.28,4.243
AP,North,67,13374.81,2767.0,0.1714,0.0299,27.19,46.24,4.242
BA,Northeast,3256,493584.14,97553.67,0.165,0.1216,19.34,29.43,3.931
CE,Northeast,1279,219757.38,46679.39,0.1752,0.1376,21.27,31.38,3.944
DF,Center-West,2080,296498.41,49624.94,0.1434,0.0567,12.97,24.31,4.131
ES,Southeast,1995,268643.45,49014.48,0.1543,0.1073,15.79,25.59,4.079
GO,Center-West,1957,282836.7,51375.65,0.1537,0.0654,15.61,27.09,4.106
MA,Northeast,717,117009.38,30794.17,0.2083,0.1743,21.57,30.46,3.833
MG,Southeast,11354,1552481.83,266409.84,0.1465,0.0457,12.01,24.55,4.192
MS,Center-West,701,115429.97,18937.58,0.1409,0.097,15.62,25.97,4.162
MT,Center-West,886,152191.62,29032.8,0.1602,0.0598,18.06,31.74,4.146
PA,North,946,174470.59,37552.98,0.1771,0.1121,23.77,37.16,3.914
PB,Northeast,517,112586.82,25251.73,0.1832,0.1044,20.43,33.03,4.076
PE,Northeast,1593,251889.49,57082.56,0.1847,0.096,18.45,31.06,4.083
PI,Northeast,476,84721.0,20457.19,0.1945,0.1387,19.46,30.09,3.994
PR,South,4923,666063.51,115645.29,0.1479,0.0404,11.99,24.61,4.24
RJ,Southeast,12350,1759651.13,295750.44,0.1439,0.1211,15.31,26.36,3.965
RN,Northeast,474,82105.66,18609.12,0.1848,0.0928,19.28,32.24,4.151
RO,North,243,45682.76,11283.24,0.1981,0.0288,19.37,38.77,4.165
RR,North,41,7057.47,1982.05,0.2193,0.122,29.39,45.98,3.902
RS,South,5345,728897.47,132575.32,0.1539,0.0608,15.3,28.51,4.185
SC,South,3546,507012.13,88115.65,0.1481,0.0821,14.95,25.76,4.134
SE,Northeast,335,56574.19,13714.94,0.1951,0.1522,21.52,30.85,3.907
SP,Southeast,40501,5067633.16,702069.99,0.1217,0.0449,8.76,19.14,4.246
TO,North,274,48402.51,11604.86,0.1934,0.0985,17.66,29.1,4.154
