year_month,month_start,orders,delivered_orders,gmv,aov,customers,on_time_rate,avg_review,one_star_rate,freight_share,gmv_mom,orders_yoy
2017-01,2017-01-01,800,750,111798.36,149.06,718,0.9707,4.198,0.0904,0.123,,
2017-02,2017-02-01,1780,1653,234223.4,141.7,1630,0.9704,4.203,0.0767,0.1365,1.0951,
2017-03,2017-03-01,2682,2546,359198.85,141.08,2508,0.9544,4.187,0.0855,0.1331,0.5336,
2017-04,2017-04-01,2404,2303,340669.68,147.92,2274,0.9344,4.135,0.0904,0.1283,-0.0516,
2017-05,2017-05-01,3700,3546,489338.25,138.0,3479,0.9701,4.236,0.0745,0.1367,0.4364,
2017-06,2017-06-01,3245,3135,421923.37,134.58,3076,0.9697,4.223,0.0797,0.139,-0.1378,
2017-07,2017-07-01,4026,3872,481604.52,124.38,3802,0.9721,4.26,0.0687,0.1496,0.1415,
2017-08,2017-08-01,4331,4193,554699.7,132.29,4114,0.9709,4.313,0.0658,0.1411,0.1518,
2017-09,2017-09-01,4285,4150,607399.67,146.36,4083,0.9561,4.268,0.0719,0.1336,0.095,
2017-10,2017-10-01,4631,4478,648247.65,144.76,4417,0.9582,4.205,0.0857,0.137,0.0673,
2017-11,2017-11-01,7544,7289,987765.37,135.51,7183,0.876,3.989,0.1308,0.1436,0.5237,
2017-12,2017-12-01,5673,5513,726033.19,131.69,5450,0.9254,4.088,0.108,0.1388,-0.265,
2018-01,2018-01-01,7269,7069,924645.0,130.8,6974,0.943,4.109,0.1034,0.1422,0.2736,8.0863
2018-02,2018-02-01,6728,6555,826437.13,126.08,6400,0.8587,3.881,0.1564,0.1446,-0.1062,2.7798
2018-03,2018-03-01,7211,7003,953356.25,136.14,6914,0.8104,3.813,0.1752,0.1492,0.1536,1.6887
2018-04,2018-04-01,6939,6798,973534.09,143.21,6744,0.955,4.206,0.0874,0.1407,0.0212,1.8864
2018-05,2018-05-01,6873,6749,977544.69,144.84,6693,0.9344,4.236,0.0835,0.134,0.0041,0.8576
2018-06,2018-06-01,6167,6099,856077.86,140.36,6061,0.9884,4.307,0.0714,0.1541,-0.1243,0.9005
2018-07,2018-07-01,6292,6159,867953.46,140.92,6100,0.9662,4.318,0.0727,0.1555,0.0139,0.5628
2018-08,2018-08-01,6512,6351,838576.64,132.04,6310,0.9381,4.31,0.0705,0.1491,-0.0338,0.5036
