seller_key,seller_state,seller_region,orders,gmv,late_orders,orders_with_delivery_date,late_rate,avg_review,one_star_rate,avg_delivery_days,gmv_percent_rank,late_decile,tier,marketplace_late_rate,marketplace_one_star_rate,median_seller_late_rate
d1b65fc7debc3361ea86b5f14c68d2e2,SP,Southeast,39,11413.17,1,39,0.0256,4.641,0.0256,9.19,0.7073,3,B,0.0669,0.1013,0.0526
e49c26c3edfa46d227d5121a6b6e4d37,PE,Northeast,34,3624.35,0,34,0.0,4.559,0.0294,11.62,0.2615,1,B,0.0669,0.1013,0.0526
1b938a7ec6ac5061a66a3766e0e75f90,SP,Southeast,29,3859.8,0,29,0.0,4.414,0.069,11.46,0.3001,1,B,0.0669,0.1013,0.0526
ccc4bbb5f32a6ab2b7066a4130f114e3,PR,South,184,72926.72,12,184,0.0652,4.322,0.082,15.87,0.9751,6,B,0.0669,0.1013,0.0526
8bd0f31cf0a614c658f6763bd02dea69,SP,Southeast,33,4455.34,1,33,0.0303,4.281,0.0938,10.0,0.3699,3,B,0.0669,0.1013,0.0526
e38db885400cd35c71dfd162f2c1dbcf,DF,Center-West,30,2066.8,3,30,0.1,4.467,0.0667,12.86,0.1158,9,B,0.0669,0.1013,0.0526
f7496d659ca9fdaf323c0aae84176632,SP,Southeast,25,4837.67,1,25,0.04,4.56,0.04,12.43,0.4035,4,B,0.0669,0.1013,0.0526
2ff97219cb8622eaf3cd89b7d9c09824,SP,Southeast,87,4339.1,3,87,0.0345,4.54,0.023,8.97,0.3574,3,B,0.0669,0.1013,0.0526
2a1348e9addc1af5aaa619b1a3679d6b,MG,Southeast,48,2697.4,13,48,0.2708,3.17,0.3404,27.31,0.1768,10,C,0.0669,0.1013,0.0526
116ccb1a1604bc88e4d234a8c23f33de,SP,Southeast,61,2004.89,2,61,0.0328,4.639,0.0328,9.05,0.1083,3,B,0.0669,0.1013,0.0526
406822777a0b9eb5c50e442dd4cd3ec5,SP,Southeast,44,3548.09,5,44,0.1136,4.326,0.0698,13.39,0.2553,9,B,0.0669,0.1013,0.0526
d9a84e1403de8da0c3aa531d6d108ba6,SP,Southeast,53,1385.3,3,53,0.0566,4.585,0.0377,7.52,0.056,6,B,0.0669,0.1013,0.0526
1f9ab4708f3056ede07124aad39a2554,SP,Southeast,76,13312.93,4,76,0.0526,4.093,0.04,14.52,0.7646,5,B,0.0669,0.1013,0.0526
b2a6d334e2833acea353624840e25a0e,SP,Southeast,25,1650.98,0,25,0.0,4.48,0.08,10.79,0.076,1,B,0.0669,0.1013,0.0526
d3674f271c91f824f82d24d92011f669,DF,Center-West,20,1718.3,2,20,0.1,4.1,0.15,13.77,0.0809,8,B,0.0669,0.1013,0.0526
8444e55c1f13cd5c179851e5ca5ebd00,MG,Southeast,92,21480.96,6,92,0.0652,3.37,0.2826,21.08,0.8568,6,C,0.0669,0.1013,0.0526
d71d863e5ef30d94e440c11be17dcd8f,SP,Southeast,23,9246.9,3,23,0.1304,3.333,0.2857,19.16,0.6463,10,C,0.0669,0.1013,0.0526
0c7533c71df861ec58ad7ff999ed0e8d,SP,Southeast,61,2989.3,3,61,0.0492,4.148,0.1148,10.81,0.2042,5,B,0.0669,0.1013,0.0526
ef990a83bbea832f36ebe81376335aa8,SC,South,43,4642.59,9,43,0.2093,3.628,0.2326,16.92,0.3861,10,C,0.0669,0.1013,0.0526
02ecc2a19303f05e59ce133fd923fff7,SP,Southeast,21,5264.19,0,21,0.0,4.619,0.0,11.09,0.4384,1,B,0.0669,0.1013,0.0526
c013e57c075a06e5b5c48ee03c525719,SP,Southeast,42,1971.55,2,42,0.0476,4.238,0.0238,9.19,0.1059,5,B,0.0669,0.1013,0.0526
55f7a3319d80f7fdf078b8f03e6725fe,SP,Southeast,22,3013.78,1,22,0.0455,3.773,0.1364,6.78,0.208,5,B,0.0669,0.1013,0.0526
2d50d6282f8aa2257819a77bfaa0efe0,SP,Southeast,42,3008.48,4,42,0.0952,3.81,0.1667,13.65,0.2067,8,B,0.0669,0.1013,0.0526
b90e891671cffd9557f33a97dc523645,PR,South,34,4449.0,0,34,0.0,4.324,0.0588,7.64,0.3686,1,B,0.0669,0.1013,0.0526
a416b6a846a11724393025641d4edd5e,SP,Southeast,157,24930.24,17,157,0.1083,4.217,0.1146,12.49,0.8792,9,B,0.0669,0.1013,0.0526
7e93a43ef30c4f03f38b393420bc753a,SP,Southeast,319,165981.49,15,319,0.047,4.365,0.0629,11.31,0.9938,5,A,0.0669,0.1013,0.0526
ef506c96320abeedfb894c34db06f478,SP,Southeast,316,9556.5,25,316,0.0791,3.962,0.1083,13.46,0.6625,7,B,0.0669,0.1013,0.0526
7299e27ed73d2ad986de7f7c77d919fa,MG,Southeast,335,34107.44,14,335,0.0418,4.43,0.0448,11.3,0.9178,4,A,0.0669,0.1013,0.0526
b2479f944e1b90cf8a5de1bbfde284d6,SP,Southeast,101,4666.53,12,101,0.1188,3.47,0.25,15.4,0.391,9,C,0.0669,0.1013,0.0526
7722b1df1b0e383e000397b2c11e3e19,SP,Southeast,133,7046.6,4,133,0.0301,4.227,0.0606,8.35,0.538,3,B,0.0669,0.1013,0.0526
411f3b52d857390502ee4e4d5ceabc2d,SP,Southeast,21,1804.01,2,21,0.0952,4.105,0.1579,9.82,0.0897,8,B,0.0669,0.1013,0.0526
4e7c18b98d84e05cbae3ff0ff03846c2,SP,Southeast,81,9038.9,3,81,0.037,4.2,0.1,12.09,0.6351,4,B,0.0669,0.1013,0.0526
b56906f7fd1696e043f1bcce164c487b,SP,Southeast,40,2148.49,2,40,0.05,4.0,0.125,12.87,0.1196,5,B,0.0669,0.1013,0.0526
d650b663c3b5f6fb392b6326366efa9a,SP,Southeast,57,18335.9,3,57,0.0526,4.368,0.0351,9.84,0.8381,6,A,0.0669,0.1013,0.0526
669ae81880e08f269a64487cfb287169,SC,South,161,13133.87,7,161,0.0435,4.263,0.0938,12.19,0.7597,4,B,0.0669,0.1013,0.0526
abe42c5d03695b4257b5c6cbf4e6784e,RJ,Southeast,49,17000.0,8,49,0.1633,3.958,0.1458,14.36,0.8219,10,C,0.0669,0.1013,0.0526
709e16e2b25c7474d980076c6bfc4806,SP,Southeast,60,5151.9,2,60,0.0333,4.517,0.0167,10.64,0.4309,3,B,0.0669,0.1013,0.0526
276677b5d08786d5dce7c2149dcce48b,MG,Southeast,31,3424.2,2,31,0.0645,4.032,0.129,12.06,0.2428,6,B,0.0669,0.1013,0.0526
8bb48dc19fccaa8613b6229bf7f452a2,SP,Southeast,82,4190.72,2,82,0.0244,4.415,0.061,11.48,0.3474,2,B,0.0669,0.1013,0.0526
1d4587203296c8f4ad134dc286fa6db0,SP,Southeast,40,2287.5,1,40,0.025,4.35,0.075,9.46,0.137,3,B,0.0669,0.1013,0.0526
0c8380b62e38e8a1e6adbeba7eb9688c,MG,Southeast,180,17228.99,9,180,0.05,4.073,0.0899,12.98,0.8244,5,A,0.0669,0.1013,0.0526
37be5a7c751166fbc5f8ccba4119e043,SP,Southeast,269,54735.55,7,269,0.026,4.327,0.0526,10.65,0.9651,3,A,0.0669,0.1013,0.0526
44073f8b7e41514de3b7815dd0237f4f,DF,Center-West,142,18380.64,5,142,0.0352,3.745,0.1702,13.15,0.8394,4,A,0.0669,0.1013,0.0526
7b07b3c7487f0ea825fc6df75abd658b,SP,Southeast,91,9259.47,4,91,0.044,4.418,0.0549,9.59,0.6501,4,B,0.0669,0.1013,0.0526
99002261c568a84cce14d43fcffb43ea,MT,Center-West,36,4088.0,2,36,0.0556,3.722,0.1389,16.84,0.3313,6,B,0.0669,0.1013,0.0526
82e0a475a88cc9595229d8029273f045,SP,Southeast,41,10748.02,4,41,0.0976,3.707,0.2195,16.0,0.6924,8,C,0.0669,0.1013,0.0526
ed4acab38528488b65a9a9c603ff024a,SP,Southeast,32,12759.45,0,31,0.0,3.719,0.125,9.89,0.7484,2,B,0.0669,0.1013,0.0526
f0837c8d71434931d9e38e7b79234797,RS,South,22,3446.9,1,22,0.0455,4.591,0.0,11.82,0.2453,5,B,0.0669,0.1013,0.0526
b18dc380845b24038cfc48006478f099,SP,Southeast,43,7753.96,5,43,0.1163,4.214,0.0952,12.82,0.5866,9,B,0.0669,0.1013,0.0526
ffc470761de7d0232558ba5e786e57b7,SP,Southeast,27,1529.13,1,27,0.037,4.444,0.037,9.74,0.066,4,B,0.0669,0.1013,0.0526
4c498c7345e89aebad651544829beca0,SP,Southeast,47,4570.27,5,47,0.1064,4.277,0.0638,10.83,0.3786,9,B,0.0669,0.1013,0.0526
02f5837340d7eb4f653d676c7256523a,PR,South,30,3883.05,1,30,0.0333,4.833,0.0333,9.66,0.3026,3,B,0.0669,0.1013,0.0526
f12ff17ad8bbf01ec5c33b17e506649b,SP,Southeast,28,6101.0,3,28,0.1071,3.857,0.1429,13.79,0.4857,9,B,0.0669,0.1013,0.0526
6a8a889bde935bafa76d7848782dfaf9,SP,Southeast,26,860.82,2,26,0.0769,4.038,0.1154,7.89,0.0212,7,B,0.0669,0.1013,0.0526
229c3efbfb0ea2058de4ccdfbc3d784a,MG,Southeast,118,15479.0,2,118,0.0169,3.624,0.2137,10.76,0.802,2,C,0.0669,0.1013,0.0526
95ec4458365c4d11f452ccf538377619,SP,Southeast,27,1866.76,1,27,0.037,4.615,0.0385,6.35,0.0996,4,B,0.0669,0.1013,0.0526
6ec1a01e866584bb679eb9b098345919,SP,Southeast,30,3998.91,6,30,0.2,4.241,0.1379,13.77,0.3238,10,C,0.0669,0.1013,0.0526
fa40cc5b934574b62717c68f3d678b6d,SP,Southeast,304,15900.48,16,304,0.0526,4.482,0.0462,11.31,0.812,6,A,0.0669,0.1013,0.0526
8b2492b7ff4468839593fafeed55bad9,RJ,Southeast,29,3660.08,2,29,0.069,4.172,0.1379,12.44,0.2702,7,B,0.0669,0.1013,0.0526
aaed1309374718fdd995ee4c58c9dfcd,SC,South,104,9345.45,3,104,0.0288,4.058,0.125,12.24,0.6526,3,B,0.0669,0.1013,0.0526
9e6229250fedbe05838fef417b74e7fb,SP,Southeast,73,12962.3,2,73,0.0274,3.89,0.1096,11.83,0.7509,3,B,0.0669,0.1013,0.0526
817245bcc3badd82bbd222e0366951a6,SP,Southeast,28,5345.6,1,28,0.0357,4.111,0.0741,12.42,0.4446,4,B,0.0669,0.1013,0.0526
7178f9f4dd81dcef02f62acdf8151e01,SC,South,202,36795.4,7,202,0.0347,4.06,0.0995,15.75,0.924,3,A,0.0669,0.1013,0.0526
3f995f07c49d0d55a99d5c54957f7d81,SP,Southeast,43,3955.7,1,43,0.0233,4.209,0.0698,9.59,0.3176,2,B,0.0669,0.1013,0.0526
3db66a856d18a9cba7c9241fc5221c50,MG,Southeast,94,9478.3,10,94,0.1064,4.202,0.0957,16.01,0.6588,9,B,0.0669,0.1013,0.0526
b4a476fbd28de64b1e347abf9089366a,SP,Southeast,30,4479.04,2,30,0.0667,4.138,0.069,12.59,0.3711,7,B,0.0669,0.1013,0.0526
14a08204d03bb6b6bde8029f801ae0eb,SP,Southeast,28,2185.4,0,28,0.0,3.893,0.1429,8.84,0.1283,1,B,0.0669,0.1013,0.0526
a17f621c590ea0fab3d5d883e1630ec6,SP,Southeast,63,2677.92,4,63,0.0635,4.164,0.0984,11.56,0.1731,6,B,0.0669,0.1013,0.0526
d6b1ce66b035a475f00c017792ff9769,SP,Southeast,92,12277.4,5,92,0.0543,4.278,0.0556,10.21,0.736,6,B,0.0669,0.1013,0.0526
ececbfcff9804a2d6b40f589df8eef2b,SP,Southeast,97,6714.15,9,97,0.0928,4.113,0.0825,13.18,0.5243,8,B,0.0669,0.1013,0.0526
7d13fca15225358621be4086e1eb0964,SP,Southeast,558,112436.18,64,558,0.1147,4.041,0.1225,15.73,0.9838,9,B,0.0669,0.1013,0.0526
1b4c3a6f53068f0b6944d2d005c9fc89,SC,South,111,14420.5,5,111,0.045,4.255,0.0727,14.55,0.787,5,B,0.0669,0.1013,0.0526
b92e3c8f9738272ff7c59e111e108d7c,MG,Southeast,62,8231.09,2,62,0.0323,4.161,0.129,16.73,0.609,3,B,0.0669,0.1013,0.0526
b8555308bfdb4ca1ed54325a58da9a97,SP,Southeast,26,3047.2,2,26,0.0769,4.0,0.0769,10.22,0.2117,7,B,0.0669,0.1013,0.0526
1dc2de47ee26a0a5b12dc14fd6dc0dea,SP,Southeast,25,1670.3,1,25,0.04,4.56,0.0,14.61,0.0785,4,B,0.0669,0.1013,0.0526
4917cee8d902e13428c3ec4b1ca6f315,SC,South,31,5103.9,1,31,0.0323,4.161,0.0968,18.08,0.4271,3,B,0.0669,0.1013,0.0526
50c9975695009e5e6473912e83a6d1da,MG,Southeast,50,3964.4,7,50,0.14,3.939,0.1429,16.48,0.3213,10,C,0.0669,0.1013,0.0526
7aa4334be125fcdd2ba64b3180029f14,SP,Southeast,214,16012.95,25,214,0.1168,4.131,0.108,16.0,0.8132,9,B,0.0669,0.1013,0.0526
b14db04aa7881970e83ffa9426897925,SP,Southeast,78,5595.9,8,78,0.1026,3.773,0.1467,16.02,0.457,9,B,0.0669,0.1013,0.0526
a3e9a2c700480d9bb01fba070ba80a0e,SP,Southeast,129,13371.8,12,129,0.093,4.0,0.1417,13.22,0.7684,8,B,0.0669,0.1013,0.0526
516e7738bd8f735ac19a010ee5450d8d,RJ,Southeast,74,6463.19,2,74,0.027,4.635,0.027,8.83,0.5068,3,B,0.0669,0.1013,0.0526
9f505651f4a6abe901a56cdc21508025,SP,Southeast,393,25912.84,16,393,0.0407,4.367,0.0744,8.07,0.8829,4,A,0.0669,0.1013,0.0526
7142540dd4c91e2237acb7e911c4eba2,SP,Southeast,316,37181.94,23,316,0.0728,4.048,0.0892,14.74,0.9253,7,B,0.0669,0.1013,0.0526
a3a38f4affed601eb87a97788c949667,SC,South,251,26294.62,11,251,0.0438,4.402,0.0522,12.55,0.8867,4,A,0.0669,0.1013,0.0526
744dac408745240a2c2528fb1b6028f3,PR,South,78,22322.6,1,78,0.0128,4.577,0.0256,11.03,0.8643,2,A,0.0669,0.1013,0.0526
9b013e03b2ab786505a1d3b5c0756754,SP,Southeast,170,8714.55,7,170,0.0412,4.219,0.1124,8.56,0.6239,4,B,0.0669,0.1013,0.0526
8b9d6eec4a7eb7d0f9d579ce0b38324d,RJ,Southeast,48,4159.55,7,48,0.1458,4.063,0.1042,10.4,0.3437,10,C,0.0669,0.1013,0.0526
38e679b9e0064cd94c6f035707344dae,PR,South,27,3644.15,1,27,0.037,4.115,0.1538,11.23,0.2653,4,B,0.0669,0.1013,0.0526
83deb69e889cf80f82be1dc6d5f2d486,SC,South,40,5363.01,2,40,0.05,4.325,0.05,15.95,0.4471,5,B,0.0669,0.1013,0.0526
79ebd9a61bac3eaf882805ed4ecfa12a,PR,South,133,14783.09,6,133,0.0451,4.06,0.1053,15.38,0.792,5,B,0.0669,0.1013,0.0526
5f3ae9136c875522250f8184f253413a,SP,Southeast,42,1143.05,2,42,0.0476,4.643,0.0,7.86,0.0349,5,B,0.0669,0.1013,0.0526
8e6d7754bc7e0f22c96d255ebda59eba,SP,Southeast,84,14107.38,11,84,0.131,3.607,0.2024,15.29,0.7833,10,C,0.0669,0.1013,0.0526
cbd996ad3c1b7dc71fd0e5f5df9087e2,SP,Southeast,160,8217.5,13,160,0.0813,4.21,0.0892,12.85,0.6077,7,B,0.0669,0.1013,0.0526
e067ad2c1c0b48758eb1b5228bcf7a68,SP,Southeast,54,5042.55,4,54,0.0741,4.148,0.0926,14.98,0.4222,7,B,0.0669,0.1013,0.0526
093805f8f2aeb63881444571e1f48f30,SP,Southeast,22,1215.79,1,22,0.0455,4.182,0.1364,8.27,0.0448,5,B,0.0669,0.1013,0.0526
6d803cb79cc31c41c4c789a75933b3c7,SP,Southeast,58,8711.4,4,58,0.069,4.241,0.069,13.3,0.6227,7,B,0.0669,0.1013,0.0526
5f2684dab12e59f83bef73ae57724e45,SP,Southeast,67,8870.97,4,67,0.0597,3.791,0.2239,10.65,0.6289,6,C,0.0669,0.1013,0.0526
8b321bb669392f5163d04c59e235e066,SP,Southeast,930,17262.94,81,930,0.0871,4.105,0.1091,12.68,0.8269,8,B,0.0669,0.1013,0.0526
76d64c4aca3a7baf218bf93ef7fa768d,PR,South,64,16911.8,2,64,0.0313,4.234,0.1094,10.97,0.8207,3,A,0.0669,0.1013,0.0526
004c9cd9d87a3c30c522c48c4fc07416,SP,Southeast,156,19569.73,10,156,0.0641,4.143,0.0844,14.81,0.8468,6,B,0.0669,0.1013,0.0526
3bdff180c7e1f6551a643b99c265a120,SP,Southeast,56,3008.2,1,56,0.0179,4.255,0.0364,10.03,0.2055,2,B,0.0669,0.1013,0.0526
aced59e9b31ef866a94f9e7f29d8d418,SP,Southeast,61,7268.5,2,61,0.0328,4.426,0.0328,9.74,0.5504,3,B,0.0669,0.1013,0.0526
c731d18cea9bf687ffee82a241c25b11,SC,South,24,3662.0,0,24,0.0,4.217,0.1739,7.91,0.2727,1,B,0.0669,0.1013,0.0526
671585f5a2af58b6e276bc01003c0d2b,PR,South,27,1244.0,0,27,0.0,4.704,0.0,5.59,0.0486,1,B,0.0669,0.1013,0.0526
5bffbafbb22daf6d3bfc216a46db8708,RJ,Southeast,21,5239.7,0,21,0.0,4.762,0.0,8.65,0.4371,1,B,0.0669,0.1013,0.0526
aba1721a889e04decc910aa13b768ef4,SP,Southeast,83,14103.3,6,83,0.0723,4.446,0.0482,9.33,0.7821,7,B,0.0669,0.1013,0.0526
cab85505710c7cb9b720bceb52b01cee,SP,Southeast,201,11124.6,4,201,0.0199,4.335,0.035,10.14,0.7011,2,B,0.0669,0.1013,0.0526
6cd68b3ed6d59aaa9fece558ad360c0a,MG,Southeast,149,11188.57,2,149,0.0134,4.456,0.0134,10.53,0.7024,2,B,0.0669,0.1013,0.0526
3df020b72d3d44b3af9d110fa3940b65,SP,Southeast,55,5039.9,5,55,0.0909,4.055,0.1273,13.43,0.4197,8,B,0.0669,0.1013,0.0526
537eb890efff034a88679788b647c564,RJ,Southeast,158,4617.9,6,158,0.038,4.234,0.0696,9.14,0.3848,4,B,0.0669,0.1013,0.0526
0d33a55da925bbf1ff02af5f6059fc7f,SP,Southeast,22,547.3,1,22,0.0455,4.455,0.0455,8.48,0.005,5,B,0.0669,0.1013,0.0526
cea729054f157f5870bdd321a958d994,SP,Southeast,24,2482.1,1,24,0.0417,4.125,0.0,7.27,0.1557,4,B,0.0669,0.1013,0.0526
955fee9216a65b617aa5c0531780ce60,SP,Southeast,1261,131836.71,77,1261,0.0611,4.201,0.0718,10.77,0.9888,6,B,0.0669,0.1013,0.0526
751bdc4d83a466c7206cd42e8f426b03,SP,Southeast,51,6520.96,1,51,0.0196,3.939,0.1224,10.86,0.5106,2,B,0.0669,0.1013,0.0526
6e386f64c84e482f0b9abf960797ee1b,SP,Southeast,29,12209.3,2,29,0.069,4.607,0.0357,10.48,0.7347,7,B,0.0669,0.1013,0.0526
5a93f3ab0ef4c84ed5e1b5dbf23978bc,SP,Southeast,38,2299.28,1,38,0.0263,4.789,0.0263,15.09,0.1382,3,B,0.0669,0.1013,0.0526
1fe5540d7c1c37a595fefbacd5570d9e,RJ,Southeast,20,4537.6,1,20,0.05,4.3,0.05,11.86,0.3761,5,B,0.0669,0.1013,0.0526
d3f39f05462b79a4562d35893a28f159,SP,Southeast,33,2363.4,4,33,0.1212,3.606,0.2121,11.97,0.1457,9,C,0.0669,0.1013,0.0526
0176f73cc1195f367f7b32db1e5b3aa8,SP,Southeast,37,4643.2,4,37,0.1081,4.108,0.1081,13.25,0.3873,9,B,0.0669,0.1013,0.0526
01cf7e3d21494c41fb86034f2e714fa1,PR,South,59,9439.56,3,59,0.0508,4.121,0.1207,11.79,0.6563,5,B,0.0669,0.1013,0.0526
ceaec5548eefc6e23e6607c5435102e7,SP,Southeast,198,51478.18,10,198,0.0505,4.2,0.0923,13.01,0.9589,5,A,0.0669,0.1013,0.0526
e9bc59e7b60fc3063eb2290deda4cced,PR,South,209,33543.69,16,209,0.0766,4.077,0.1196,14.27,0.9166,7,B,0.0669,0.1013,0.0526
fa1a9dec3a9940c072684a46728bf1fc,SC,South,55,6674.0,0,55,0.0,4.111,0.0926,14.29,0.523,2,B,0.0669,0.1013,0.0526
5670f4db5b62c43d542e1b2d56b0cf7c,SP,Southeast,22,6630.09,1,22,0.0455,4.409,0.0909,8.53,0.5193,5,B,0.0669,0.1013,0.0526
cb8bcce248bb1fb274ba762d8b971456,MG,Southeast,66,9152.4,1,66,0.0152,4.333,0.0455,12.63,0.6438,2,B,0.0669,0.1013,0.0526
b6d44737c043328708f6749c2dbe50bd,SP,Southeast,61,5284.6,4,61,0.0656,4.525,0.0492,8.21,0.4408,6,B,0.0669,0.1013,0.0526
972d0f9cf61b499a4812cf0bfa3ad3c4,SC,South,81,7910.42,9,81,0.1111,3.025,0.3291,18.19,0.5915,9,C,0.0669,0.1013,0.0526
cfb1a033743668a192316f3c6d1d2671,SP,Southeast,143,12609.54,14,143,0.0979,4.042,0.1338,12.21,0.741,8,B,0.0669,0.1013,0.0526
6a51fc556dab5f766ced6fbc860bc613,SP,Southeast,24,7217.87,2,24,0.0833,4.0,0.0833,14.15,0.5467,8,B,0.0669,0.1013,0.0526
d1ef48b38baca7e831711c4a0aeb398f,PR,South,28,1439.13,2,28,0.0714,4.571,0.0,9.91,0.061,7,B,0.0669,0.1013,0.0526
259f7b5e6e482c230e5bfaa670b6bb8f,SP,Southeast,136,8393.14,2,136,0.0147,4.348,0.0741,8.74,0.6127,2,B,0.0669,0.1013,0.0526
dd7ddc04e1b6c2c614352b383efe2d36,SP,Southeast,121,9148.61,15,121,0.124,3.875,0.1417,15.02,0.6426,9,B,0.0669,0.1013,0.0526
f457c46070d02cadd8a68551231220dd,PR,South,195,18798.3,11,195,0.0564,3.876,0.1443,14.55,0.8418,6,B,0.0669,0.1013,0.0526
1f50f920176fa81dab994f9023523100,SP,Southeast,1399,106655.71,124,1399,0.0886,4.141,0.1098,15.81,0.9813,8,B,0.0669,0.1013,0.0526
2b1a40c1daabc6ca280c4b815c101841,MG,Southeast,22,12342.6,1,22,0.0455,3.818,0.1364,13.43,0.7372,5,B,0.0669,0.1013,0.0526
d93919c944be9cff128f6c9cb899eacb,SP,Southeast,33,2666.7,5,33,0.1515,4.0,0.1515,22.92,0.1706,10,C,0.0669,0.1013,0.0526
f7ba60f8c3f99e7ee4042fdef03b70c4,SP,Southeast,218,68070.0,30,218,0.1376,4.22,0.0872,13.41,0.9738,10,C,0.0669,0.1013,0.0526
002100f778ceb8431b7a1020ff7ab48f,SP,Southeast,50,1216.6,9,50,0.18,3.96,0.12,16.39,0.0461,10,C,0.0669,0.1013,0.0526
4e5725ba188db8252977a4f0227bd462,SP,Southeast,21,1865.09,5,21,0.2381,3.524,0.2857,20.97,0.0984,10,C,0.0669,0.1013,0.0526
f84a00e60c73a49e7e851c9bdca3a5bb,RJ,Southeast,88,5849.24,9,88,0.1023,3.898,0.1477,11.8,0.4695,9,B,0.0669,0.1013,0.0526
e5a38146df062edaf55c38afa99e42dc,SP,Southeast,120,15270.89,9,120,0.075,3.983,0.1261,12.19,0.8007,7,B,0.0669,0.1013,0.0526
f45122a9ab94eb4f3f8953578bc0c560,SP,Southeast,184,21764.68,13,184,0.0707,3.973,0.1413,12.76,0.8605,7,B,0.0669,0.1013,0.0526
7901646fdd36a55f564ffaf2dbccaaf7,RJ,Southeast,22,11857.08,2,22,0.0909,4.5,0.0909,9.82,0.7198,8,B,0.0669,0.1013,0.0526
6481e96574816ead57975da2c0f6d80d,SP,Southeast,32,3324.9,1,32,0.0313,4.188,0.0625,6.95,0.2341,3,B,0.0669,0.1013,0.0526
48436dade18ac8b2bce089ec2a041202,SP,Southeast,134,11821.11,10,134,0.0746,4.104,0.097,14.35,0.7173,7,B,0.0669,0.1013,0.0526
1554a68530182680ad5c8b042c3ab563,MG,Southeast,246,28979.64,15,246,0.061,4.328,0.0861,14.21,0.8954,6,B,0.0669,0.1013,0.0526
ede0c03645598cdfc63ca8237acbe73d,SP,Southeast,43,2352.15,14,43,0.3256,3.571,0.2381,18.59,0.1432,10,C,0.0669,0.1013,0.0526
ef0ace09169ac090589d85746e3e036f,RJ,Southeast,128,16105.4,10,128,0.0781,4.398,0.0547,12.82,0.8157,7,B,0.0669,0.1013,0.0526
87142160b41353c4e5fca2360caf6f92,RS,South,305,31095.98,12,305,0.0393,4.405,0.0493,10.93,0.9029,4,A,0.0669,0.1013,0.0526
289cdb325fb7e7f891c38608bf9e0962,SP,Southeast,109,13410.55,2,109,0.0183,4.587,0.0459,6.73,0.7696,2,B,0.0669,0.1013,0.0526
11305281b50fff20ae8bb473f8e11876,MG,Southeast,35,6528.7,4,35,0.1143,4.314,0.0571,13.58,0.5118,9,B,0.0669,0.1013,0.0526
fa1c13f2614d7b5c4749cbc52fecda94,SP,Southeast,578,190917.14,53,578,0.0917,4.373,0.0784,13.35,0.9963,8,B,0.0669,0.1013,0.0526
bf100ecb7997df312b285358fb32f92c,PR,South,20,1991.9,0,20,0.0,4.444,0.0,9.66,0.1071,1,B,0.0669,0.1013,0.0526
3504c0cb71d7fa48d967e0e4c94d59d9,SP,Southeast,53,2349.94,0,53,0.0,4.415,0.0189,7.33,0.142,1,B,0.0669,0.1013,0.0526
34d1ca11b242c0fee2c834ae8d788566,MG,Southeast,40,13422.24,0,40,0.0,4.333,0.0,13.18,0.7709,1,B,0.0669,0.1013,0.0526
96493fab2fbb13a14d0c0e8772eef5c3,SP,Southeast,63,18969.0,4,63,0.0635,4.065,0.0645,13.39,0.8431,6,B,0.0669,0.1013,0.0526
f76a3b1349b6df1ee875d1f3fa4340f0,SP,Southeast,24,4160.79,7,24,0.2917,3.458,0.1667,17.02,0.345,10,C,0.0669,0.1013,0.0526
99eaacc9e6046db1c82b163c5f84869f,SP,Southeast,63,12642.28,7,63,0.1111,4.0,0.1111,14.98,0.7435,9,B,0.0669,0.1013,0.0526
d98eec89afa3380e14463da2aabaea72,RS,South,168,6968.53,4,168,0.0238,4.341,0.0659,8.56,0.5342,2,B,0.0669,0.1013,0.0526
23613d49c3ac2bd302259e55c06c050c,SP,Southeast,69,4193.1,6,69,0.087,3.868,0.1471,13.98,0.3487,8,B,0.0669,0.1013,0.0526
0bf0150d5b9d60d9cd2906003332f085,SP,Southeast,39,5774.6,6,39,0.1538,3.789,0.1842,14.15,0.467,10,C,0.0669,0.1013,0.0526
c3cfdc648177fdbbbb35635a37472c53,PR,South,278,43048.18,4,278,0.0144,4.469,0.0614,9.73,0.939,2,A,0.0669,0.1013,0.0526
1ce3ae5a399804d1a87e706f8a813c3e,SC,South,40,2563.0,3,40,0.075,3.75,0.15,14.51,0.1619,7,B,0.0669,0.1013,0.0526
2138ccb85b11a4ec1e37afbd1c8eda1f,SP,Southeast,388,12089.22,18,388,0.0464,3.956,0.1421,11.35,0.7273,5,B,0.0669,0.1013,0.0526
f46490624488d3ff7ce78613913a7711,SP,Southeast,80,5690.95,9,80,0.1125,3.763,0.2125,10.25,0.4645,9,C,0.0669,0.1013,0.0526
ad420dd0c4f92f8af951ac24b86d0cf5,MG,Southeast,42,4705.29,3,42,0.0714,4.125,0.1,15.18,0.3948,7,B,0.0669,0.1013,0.0526
e8b4225284fbb02d16f200513f1f395d,SP,Southeast,30,5638.62,3,30,0.1,4.3,0.0333,10.22,0.4595,9,B,0.0669,0.1013,0.0526
f61c63d13f7cd800549d5acdd390ae72,SP,Southeast,26,3072.3,2,26,0.0769,4.0,0.1154,11.75,0.2142,7,B,0.0669,0.1013,0.0526
054694fa03fe82cec4b7551487331d74,SP,Southeast,20,8286.1,6,20,0.3,3.4,0.25,30.79,0.6115,10,C,0.0669,0.1013,0.0526
c8b0e2b0a7095e5d8219575d5e7e1181,SP,Southeast,84,12170.21,6,84,0.0714,4.084,0.1325,10.16,0.7298,7,B,0.0669,0.1013,0.0526
391fc6631aebcf3004804e51b40bcf1e,SP,Southeast,521,39475.3,45,521,0.0864,4.044,0.1042,14.42,0.9303,8,B,0.0669,0.1013,0.0526
e59aa562b9f8076dd550fcddf0e73491,PR,South,69,30716.3,6,69,0.087,4.261,0.087,14.03,0.9004,8,B,0.0669,0.1013,0.0526
e9779976487b77c6d4ac45f75ec7afe9,SP,Southeast,645,42229.69,39,645,0.0605,4.26,0.0841,9.86,0.9352,6,B,0.0669,0.1013,0.0526
6b90f847357d8981edd79a1eb1bf0acb,SP,Southeast,45,3322.08,0,45,0.0,4.356,0.0667,5.58,0.2329,1,B,0.0669,0.1013,0.0526
73a63f72308aa20a46f4b1632018f196,PR,South,27,7640.8,0,27,0.0,4.192,0.0769,11.63,0.5778,1,B,0.0669,0.1013,0.0526
f62d7bb4a613ec758a03342d46b580b2,MG,Southeast,32,24665.0,3,32,0.0938,4.375,0.0625,13.87,0.8755,8,B,0.0669,0.1013,0.0526
7c5b05cbdb5542049f38d90d7815b97d,SP,Southeast,21,993.97,1,21,0.0476,4.524,0.0952,7.55,0.0299,5,B,0.0669,0.1013,0.0526
db4350fd57ae30082dec7acbaacc17f9,SP,Southeast,136,3304.32,5,136,0.0368,4.163,0.1111,10.79,0.2316,4,B,0.0669,0.1013,0.0526
845e8036c3f7bf62099352f5ed910240,RJ,Southeast,21,1584.6,0,21,0.0,3.952,0.0952,7.57,0.071,1,B,0.0669,0.1013,0.0526
55a5b51f93f2b70ea513f5a047b0262a,MG,Southeast,39,4002.3,1,39,0.0256,4.462,0.0256,13.74,0.325,3,B,0.0669,0.1013,0.0526
6426d21aca402a131fc0a5d0960a3c90,SP,Southeast,23,1209.64,0,23,0.0,4.174,0.0435,10.96,0.0423,1,B,0.0669,0.1013,0.0526
8a432f4e5b471f8da497d7dc517666e2,SP,Southeast,95,7555.0,2,95,0.0211,4.191,0.0957,7.85,0.5716,2,B,0.0669,0.1013,0.0526
bfd27a966d91cfaafdb25d076585f0da,SP,Southeast,114,19225.0,6,114,0.0526,4.319,0.0796,12.42,0.8456,6,A,0.0669,0.1013,0.0526
6b15924333bd1a741595fe981ea04822,SP,Southeast,21,614.32,0,21,0.0,4.667,0.0,7.78,0.0062,1,B,0.0669,0.1013,0.0526
7ade73f1b9b4e965f9009a4c3a7e2c15,SP,Southeast,26,1835.3,0,26,0.0,4.769,0.0,9.67,0.0934,1,B,0.0669,0.1013,0.0526
42b729f859728f5079499127a9c2ef37,SP,Southeast,103,4096.96,8,103,0.0777,4.48,0.0588,7.85,0.3325,7,B,0.0669,0.1013,0.0526
9c0e69c7bf2619675bbadf47b43f655a,SP,Southeast,151,32720.4,13,151,0.0861,4.2,0.0867,14.62,0.9116,8,B,0.0669,0.1013,0.0526
3586b8580d9c917874e053a1bb37b5ff,SP,Southeast,36,1524.7,1,36,0.0278,4.417,0.0,13.62,0.0648,3,B,0.0669,0.1013,0.0526
6edacfd9f9074789dad6d62ba7950b9c,SP,Southeast,205,12966.4,9,205,0.0439,4.38,0.078,9.09,0.7522,4,B,0.0669,0.1013,0.0526
ccf8813e5a7d6c84d865cd38bfc2b130,SP,Southeast,26,2635.5,1,26,0.0385,4.385,0.0769,11.43,0.1694,4,B,0.0669,0.1013,0.0526
8d956fec2e4337affcb520f56fd8cbfd,SP,Southeast,210,10988.2,13,210,0.0619,4.214,0.0762,9.27,0.6974,6,B,0.0669,0.1013,0.0526
e5a3438891c0bfdb9394643f95273d8e,SP,Southeast,216,7549.96,34,216,0.1574,3.986,0.1488,15.66,0.5704,10,C,0.0669,0.1013,0.0526
138dbe45fc62f1e244378131a6801526,SP,Southeast,49,1125.56,1,49,0.0204,4.082,0.102,6.53,0.0336,2,B,0.0669,0.1013,0.0526
5058e8c1e82653974541e83690655b4a,SP,Southeast,62,9812.83,7,62,0.1129,3.246,0.2295,26.68,0.67,9,C,0.0669,0.1013,0.0526
9674754b5a0cb32b638cec001178f799,SP,Southeast,84,4941.73,2,84,0.0238,4.107,0.119,8.41,0.4134,2,B,0.0669,0.1013,0.0526
dfa0c4c6229ab200a4a1336b4d7128ff,SC,South,77,4777.1,1,77,0.013,4.0,0.1558,9.79,0.3985,2,B,0.0669,0.1013,0.0526
6c7d50c24b3ccd2fd83b44d8bb34e073,SP,Southeast,112,8445.96,2,112,0.0179,4.45,0.045,12.27,0.6139,2,B,0.0669,0.1013,0.0526
5cbbd5a299cab112b7bf23862255e43e,PR,South,36,2726.06,0,36,0.0,4.278,0.0556,10.85,0.1806,1,B,0.0669,0.1013,0.0526
ca3bd7cd9f149df75950150d010fe4a2,SP,Southeast,68,9253.47,1,68,0.0147,4.088,0.1029,13.58,0.6488,2,B,0.0669,0.1013,0.0526
323ce52b5b81df2cd804b017b7f09aa7,SP,Southeast,29,2374.3,4,29,0.1379,4.429,0.0357,17.06,0.1469,10,C,0.0669,0.1013,0.0526
1caf283236cd69af44cbc09a0a1e7d32,RJ,Southeast,33,917.6,3,33,0.0909,4.606,0.0606,13.81,0.0224,8,B,0.0669,0.1013,0.0526
ba90964cff9b9e0e6f32b23b82465f7b,SP,Southeast,38,44212.5,2,38,0.0526,4.421,0.0526,10.02,0.9415,5,A,0.0669,0.1013,0.0526
20d83f3ef0e6925fd74bfd59170babf7,SP,Southeast,40,2903.6,2,40,0.05,4.4,0.075,9.08,0.1968,5,B,0.0669,0.1013,0.0526
23a0ffca143a15b9b5bbdb7d552f626a,SP,Southeast,23,3718.51,3,23,0.1304,3.913,0.1739,11.5,0.2814,9,B,0.0669,0.1013,0.0526
32b8764b4ef628b53608fc34011fcc13,SC,South,36,8884.0,1,36,0.0278,4.194,0.0556,11.23,0.6301,3,B,0.0669,0.1013,0.0526
e7df4cd29ab5abab70fb0783ddb53987,SP,Southeast,23,9608.7,2,23,0.087,4.304,0.087,10.16,0.665,8,B,0.0669,0.1013,0.0526
0432ead42b6c8a0bdf68154add917fdf,SP,Southeast,82,7574.4,2,82,0.0244,4.537,0.061,8.9,0.5741,2,B,0.0669,0.1013,0.0526
2a261b5b644fa05f4f2700eb93544f2c,SP,Southeast,51,5355.0,8,51,0.1569,3.843,0.1961,14.07,0.4458,10,C,0.0669,0.1013,0.0526
f680f85bee2d253556ac91be391d2c82,SP,Southeast,45,5183.92,1,45,0.0222,4.333,0.0444,9.75,0.4334,2,B,0.0669,0.1013,0.0526
3785b653b1b82de85ab47dd139938091,PR,South,21,1552.0,0,21,0.0,4.714,0.0,11.93,0.0672,1,B,0.0669,0.1013,0.0526
d379f449f2a3b271bc01c0782020f705,MG,Southeast,28,4423.06,1,28,0.0357,3.893,0.1786,13.3,0.3661,4,B,0.0669,0.1013,0.0526
7ea5bfa6c340f58f8e71fc1f0412b0d6,MG,Southeast,96,10838.41,6,96,0.0625,4.189,0.0842,13.05,0.6949,6,B,0.0669,0.1013,0.0526
bd697db56ff8e7c9cd1abeb7f72029b2,SP,Southeast,21,2869.79,0,21,0.0,4.333,0.0476,10.88,0.1943,1,B,0.0669,0.1013,0.0526
1a3df491d1c4f1589fc2b934ada68bf2,SC,South,160,22472.4,6,160,0.0375,4.275,0.0438,14.84,0.8667,4,A,0.0669,0.1013,0.0526
6560211a19b47992c3666cc44a7e94c0,SP,Southeast,1819,120702.83,96,1819,0.0528,3.978,0.1147,9.63,0.9863,6,B,0.0669,0.1013,0.0526
718539d38d07dd351c76db862760e2e2,SP,Southeast,35,1273.01,0,35,0.0,4.629,0.0,8.64,0.0498,1,B,0.0669,0.1013,0.0526
0b90b6df587eb83608a64ea8b390cf07,PR,South,163,28492.76,6,163,0.0368,4.037,0.1296,14.46,0.8929,4,A,0.0669,0.1013,0.0526
679769a98cfcc6da877c8486ff1c13f3,MG,Southeast,21,7029.0,0,21,0.0,4.571,0.0476,9.54,0.5355,1,B,0.0669,0.1013,0.0526
febab0275244b9a49a623f0bd613ca2f,SP,Southeast,106,7094.82,4,106,0.0377,4.443,0.0283,8.65,0.5405,4,B,0.0669,0.1013,0.0526
f3da5b2ff499efb8d4a6d371d175d7dd,SP,Southeast,77,3540.89,9,77,0.1169,3.895,0.1579,11.52,0.2528,9,B,0.0669,0.1013,0.0526
d97df38225e5abadaff1e72cb72b823c,SP,Southeast,28,1776.0,4,28,0.1429,3.926,0.1481,12.15,0.0872,10,C,0.0669,0.1013,0.0526
a420f60ff1aa9acc80d0e42959f2b313,SP,Southeast,67,7443.3,5,67,0.0746,3.954,0.1231,11.56,0.5629,7,B,0.0669,0.1013,0.0526
916748bc99315c2d202898ae58b1617e,SP,Southeast,25,369.4,0,25,0.0,4.28,0.08,10.47,0.0025,1,B,0.0669,0.1013,0.0526
fde0cc9ea29c8ccfc0a2c22256a58c71,PR,South,35,3922.0,1,35,0.0286,4.486,0.0286,8.71,0.3126,3,B,0.0669,0.1013,0.0526
e63e8bfa530fb16910dd6956e592bb81,SP,Southeast,41,1282.8,2,41,0.0488,4.317,0.0976,9.38,0.0511,5,B,0.0669,0.1013,0.0526
5343d0649eca2a983820bfe93fc4d17e,SP,Southeast,70,9819.02,7,70,0.1,3.87,0.1594,11.27,0.6725,8,B,0.0669,0.1013,0.0526
33a17d60c64393351ebf1ef860f4e0f2,RS,South,43,8152.48,1,43,0.0233,4.628,0.0233,10.61,0.604,2,B,0.0669,0.1013,0.0526
640e21a7d01df7614a3b4923e990d40c,SP,Southeast,115,7528.89,5,115,0.0435,4.33,0.0696,10.32,0.5666,4,B,0.0669,0.1013,0.0526
d57e18d5f73c7ccb7f7339b61166898d,SP,Southeast,61,3187.7,0,61,0.0,4.426,0.0492,9.21,0.2242,1,B,0.0669,0.1013,0.0526
dd2bdf855a9172734fbc3744021ae9b9,MG,Southeast,105,10607.0,6,105,0.0571,3.881,0.1287,15.35,0.6887,6,B,0.0669,0.1013,0.0526
4aba391bc3b88717ce08eb11e44937b2,BA,Northeast,27,7286.88,4,27,0.1481,4.0,0.1111,16.92,0.5517,10,C,0.0669,0.1013,0.0526
715bbd5ba4e6b74cb0d2f29eb45058b0,SP,Southeast,62,4043.3,5,62,0.0806,4.468,0.0645,11.92,0.3288,7,B,0.0669,0.1013,0.0526
4c18691b6037662be2df78a765d98ab5,SP,Southeast,63,3195.52,4,63,0.0635,3.873,0.1429,9.24,0.2254,6,B,0.0669,0.1013,0.0526
95f83f51203c626648c875dd41874c7f,MG,Southeast,50,3077.66,2,50,0.04,3.7,0.18,11.73,0.2154,4,B,0.0669,0.1013,0.0526
6b243f80ed07b10f0e8aa0f21a205f3c,PR,South,79,6260.1,3,79,0.038,4.266,0.0886,11.16,0.4932,4,B,0.0669,0.1013,0.0526
2089a6d640999f9b9141ac719b2af596,SP,Southeast,41,7676.02,5,41,0.122,3.927,0.1951,19.53,0.5803,9,B,0.0669,0.1013,0.0526
2a5b78b41cd05baeac8df54c6606b92c,MG,Southeast,46,15554.28,1,46,0.0217,4.543,0.0435,9.04,0.8045,2,A,0.0669,0.1013,0.0526
b32be1695eb7ec5f10f72d9610a12527,RS,South,44,26575.0,2,44,0.0455,4.14,0.093,12.28,0.8892,5,A,0.0669,0.1013,0.0526
b94cc9f10ddc85e4ba73a6f7974e7101,RJ,Southeast,39,25346.1,2,39,0.0513,4.297,0.1351,10.58,0.8804,5,A,0.0669,0.1013,0.0526
53243585a1d6dc2643021fd1853d8905,BA,Northeast,348,217940.44,12,348,0.0345,4.194,0.0809,13.43,0.9988,3,A,0.0669,0.1013,0.0526
6df688df543f90e9b38f4319e75a9d88,MG,Southeast,39,1891.76,0,39,0.0,4.564,0.0256,7.94,0.1021,1,B,0.0669,0.1013,0.0526
7b1222c3624aa89b9558b50a2594188c,SP,Southeast,22,10103.52,3,22,0.1364,4.455,0.0455,17.67,0.6762,10,C,0.0669,0.1013,0.0526
dee656f0f566ed1aa85bd137c943f08f,SP,Southeast,92,6212.08,4,92,0.0435,4.37,0.0652,12.6,0.4894,4,B,0.0669,0.1013,0.0526
d673a59aac7a70d8b01e6902bf090a11,SP,Southeast,79,3908.94,6,79,0.0759,3.911,0.1266,14.12,0.3088,7,B,0.0669,0.1013,0.0526
966cb4760537b1404caedd472cc610a5,SP,Southeast,67,45928.26,2,67,0.0299,4.134,0.1045,10.04,0.9489,3,A,0.0669,0.1013,0.0526
f3b80352b986ab4d1057a4b724be19d0,DF,Center-West,86,9815.1,0,86,0.0,4.209,0.0814,10.46,0.6712,2,B,0.0669,0.1013,0.0526
ed4311e67debd72b8610a5347a743087,SP,Southeast,25,3636.0,1,25,0.04,4.625,0.0417,7.81,0.264,4,B,0.0669,0.1013,0.0526
bf00385a5f7fc1ef39a13c2e9ee50a5f,SP,Southeast,28,855.4,0,28,0.0,4.429,0.0714,5.77,0.0199,1,B,0.0669,0.1013,0.0526
cd68562d3f44870c08922d380acae552,SP,Southeast,122,18119.7,19,122,0.1557,4.017,0.124,16.26,0.8369,10,C,0.0669,0.1013,0.0526
00ee68308b45bc5e2660cd833c3f81cc,SP,Southeast,135,20260.0,10,135,0.0741,4.299,0.0821,9.62,0.8506,7,B,0.0669,0.1013,0.0526
701938c450705b8ae65fc923b70f35c7,SP,Southeast,74,11879.29,3,74,0.0405,4.0,0.0959,12.98,0.721,4,B,0.0669,0.1013,0.0526
59b22a78efb79a4797979612b885db36,MG,Southeast,125,27184.5,14,125,0.112,3.984,0.1613,12.67,0.8917,9,B,0.0669,0.1013,0.0526
ea8482cd71df3c1969d7b9473ff13abc,SP,Southeast,1132,36696.76,96,1132,0.0848,4.027,0.1048,13.32,0.9228,8,B,0.0669,0.1013,0.0526
5b925e1d006e9476d738aa200751b73b,SP,Southeast,63,7748.5,4,63,0.0635,4.603,0.0317,10.88,0.5853,6,B,0.0669,0.1013,0.0526
fe2032dab1a61af8794248c8196565c9,SP,Southeast,293,65689.71,26,293,0.0887,4.388,0.0727,10.77,0.9726,8,B,0.0669,0.1013,0.0526
e0a366315b1b726b6c7832d664c0f530,SP,Southeast,43,7400.09,1,43,0.0233,4.302,0.0698,7.98,0.5579,2,B,0.0669,0.1013,0.0526
cd6efc47efaabf134f8bdb654e10b4f1,RJ,Southeast,31,4158.55,2,31,0.0645,4.484,0.0323,8.59,0.3425,6,B,0.0669,0.1013,0.0526
4e17c65a516f69d023a2ae78b84f28d6,SP,Southeast,61,7639.26,3,61,0.0492,4.23,0.1148,13.33,0.5766,5,B,0.0669,0.1013,0.0526
33ac3e28642ab8bda860a2f693000e78,SP,Southeast,34,3661.03,0,34,0.0,4.206,0.0588,8.72,0.2715,1,B,0.0669,0.1013,0.0526
18a349e75d307f4b4cc646a691ed4216,SP,Southeast,109,7425.21,6,109,0.055,3.602,0.213,11.15,0.5592,6,C,0.0669,0.1013,0.0526
12b9676b00f60f3b700e83af21824c0e,RS,South,133,26376.0,1,133,0.0075,4.553,0.0227,15.05,0.8879,2,A,0.0669,0.1013,0.0526
8fdca8e349553f99bc738833a62c8802,SP,Southeast,22,989.34,1,22,0.0455,4.19,0.0476,10.55,0.0286,5,B,0.0669,0.1013,0.0526
4ebdc7e6cd6102a022dadc49156d4ea8,SP,Southeast,29,928.7,1,29,0.0345,3.793,0.1724,9.96,0.0237,3,B,0.0669,0.1013,0.0526
f918546be4bec7104d117789ba758b2b,SP,Southeast,20,1483.0,3,20,0.15,3.85,0.2,12.36,0.0635,10,C,0.0669,0.1013,0.0526
612170e34b97004b3ba37eae81836b4c,RS,South,107,23065.02,1,107,0.0093,4.43,0.0654,10.99,0.8692,2,A,0.0669,0.1013,0.0526
2a84855fd20af891be03bc5924d2b453,MG,Southeast,155,14989.0,4,155,0.0258,4.377,0.0584,8.58,0.7945,3,B,0.0669,0.1013,0.0526
4b9750c8ad28220fe6702d4ecb7c898f,SP,Southeast,217,15815.4,13,217,0.0599,4.364,0.0553,9.45,0.8095,6,B,0.0669,0.1013,0.0526
8cbac7e12637ed9cffa18c7875207478,SC,South,66,2955.98,4,66,0.0606,4.167,0.0606,13.94,0.2005,6,B,0.0669,0.1013,0.0526
fdb9095204a334cd8872252ffec6f2db,SP,Southeast,46,8156.0,3,46,0.0652,4.174,0.087,8.72,0.6052,6,B,0.0669,0.1013,0.0526
aae3bfea055532c57fb453ed3ec80b30,SP,Southeast,48,3057.92,0,48,0.0,3.596,0.1489,12.52,0.213,1,B,0.0669,0.1013,0.0526
271c58a1d139c45eaf3316107c6d3a3b,SP,Southeast,27,3597.63,2,27,0.0741,4.185,0.0741,13.16,0.2603,7,B,0.0669,0.1013,0.0526
2dee2ce60de9709b1a24083217181a1f,MT,Center-West,54,7784.5,1,54,0.0185,4.426,0.037,14.14,0.5878,2,B,0.0669,0.1013,0.0526
f84fa566034f5e8e880a07ec624c56af,SP,Southeast,89,4993.91,9,89,0.1011,4.247,0.1011,11.96,0.4159,9,B,0.0669,0.1013,0.0526
b1ac6ea7895bc3dd6f0f6f4abbdd2821,RS,South,38,2962.0,0,38,0.0,4.526,0.0263,10.18,0.2017,1,B,0.0669,0.1013,0.0526
aafe36600ce604f205b86b5084d3d767,SC,South,129,9251.4,5,129,0.0388,4.403,0.0698,12.5,0.6476,4,B,0.0669,0.1013,0.0526
a888faf2d1baececa6baf9c3d603ee1f,PR,South,53,17564.8,5,53,0.0943,4.094,0.1321,18.02,0.8331,8,B,0.0669,0.1013,0.0526
681fce914360217db47784ae28905a96,PR,South,23,4127.33,3,23,0.1304,4.0,0.1364,12.64,0.3375,9,B,0.0669,0.1013,0.0526
41b39e28db005d9731d9d485a83b4c38,SP,Southeast,187,16306.75,9,187,0.0481,4.187,0.107,12.37,0.8182,5,A,0.0669,0.1013,0.0526
609e1a9a6c2539919b8205cf7c4e6ff0,SC,South,87,6595.23,1,87,0.0115,3.812,0.1647,10.21,0.5168,2,B,0.0669,0.1013,0.0526
001cca7ae9ae17fb1caed9dfb1094831,ES,Southeast,195,24487.03,12,195,0.0615,4.063,0.099,13.41,0.873,6,B,0.0669,0.1013,0.0526
2eb70248d66e0e3ef83659f71b244378,SP,Southeast,187,38990.72,21,187,0.1123,2.793,0.3696,18.01,0.9265,9,C,0.0669,0.1013,0.0526
6061155addc1e54b4cfb51c1c2a32ad8,SP,Southeast,28,15633.4,1,28,0.0357,4.643,0.0357,5.97,0.807,4,A,0.0669,0.1013,0.0526
c6bda72e4dbf5c5866b13cb1810c6d03,SP,Southeast,59,14059.38,2,59,0.0339,4.39,0.0678,10.21,0.7808,3,B,0.0669,0.1013,0.0526
cd06602b43d8800bd0afad514919d35c,SP,Southeast,43,2555.31,2,43,0.0465,3.744,0.1395,12.6,0.1606,5,B,0.0669,0.1013,0.0526
e882b2a25a10b9c057cc49695f222c19,RJ,Southeast,57,51057.54,0,57,0.0,4.579,0.0175,9.55,0.9564,2,A,0.0669,0.1013,0.0526
9baf5cb77970f539089d09a38bcec5c3,SP,Southeast,31,5989.68,0,31,0.0,4.419,0.0645,15.17,0.4782,1,B,0.0669,0.1013,0.0526
dbc22125167c298ef99da25668e1011f,MG,Southeast,394,32829.12,10,394,0.0254,4.321,0.0509,11.48,0.9128,3,A,0.0669,0.1013,0.0526
048c2757535328e0d7dac690ad3c0aae,SP,Southeast,50,9065.08,6,50,0.12,4.245,0.0816,18.52,0.6389,9,B,0.0669,0.1013,0.0526
951e8cef368f09bb3f3d03c00ca4702c,SP,Southeast,62,3993.31,4,62,0.0645,4.133,0.1167,9.41,0.3225,6,B,0.0669,0.1013,0.0526
d91fb3b7d041e83b64a00a3edfb37e4f,SP,Southeast,524,39926.39,20,524,0.0382,4.137,0.1077,11.28,0.9328,4,A,0.0669,0.1013,0.0526
3d5d0dc7073a299e31fa718ce1bc00b6,RJ,Southeast,21,674.8,1,21,0.0476,4.429,0.0952,8.49,0.0087,5,B,0.0669,0.1013,0.0526
688756f717c462a206ad854c5027a64a,SP,Southeast,81,5837.67,3,81,0.037,3.888,0.1125,10.76,0.4682,4,B,0.0669,0.1013,0.0526
9b00ed88b7fdb95d6ff76e27c1b52d16,SP,Southeast,46,1567.88,3,46,0.0652,4.543,0.0652,9.4,0.0697,6,B,0.0669,0.1013,0.0526
c864036feaab8c1659f65ea4faebe1da,PR,South,58,10454.2,2,58,0.0345,4.569,0.0517,12.28,0.6862,3,B,0.0669,0.1013,0.0526
ba143b05f0110f0dc71ad71b4466ce92,SP,Southeast,83,5998.7,10,83,0.1205,4.458,0.0482,10.24,0.4795,9,B,0.0669,0.1013,0.0526
5f5b43b2bffa8656e4bc6efeb13cc649,SP,Southeast,27,3677.2,1,27,0.037,4.407,0.0741,13.95,0.2752,4,B,0.0669,0.1013,0.0526
d9bd94811c3338dceb4181f3dbc0c73e,SP,Southeast,54,6911.02,3,54,0.0556,4.796,0.0185,8.04,0.533,6,B,0.0669,0.1013,0.0526
dbd66278cbfe1aa1000f90a217ca4695,SP,Southeast,85,4928.9,3,85,0.0353,4.506,0.0235,9.21,0.4122,4,B,0.0669,0.1013,0.0526
e7d5b006eb624f13074497221eb37807,SP,Southeast,28,3478.93,2,28,0.0714,3.929,0.1429,11.17,0.2466,7,B,0.0669,0.1013,0.0526
63b464dbf392c7b80d12d932fa7cafed,SP,Southeast,36,6622.0,2,36,0.0556,3.861,0.1667,13.08,0.5181,6,B,0.0669,0.1013,0.0526
7c67e1448b00f6e969d365cea6b010ab,SP,Southeast,973,186570.05,89,973,0.0915,3.498,0.1975,22.34,0.995,8,B,0.0669,0.1013,0.0526
66dc1b1632bd6a3e508510c5b3492107,SP,Southeast,36,3542.19,1,36,0.0278,3.639,0.1944,10.28,0.254,3,B,0.0669,0.1013,0.0526
b335c59ab742f751a85db9c411a86739,MG,Southeast,30,2494.11,1,30,0.0333,4.033,0.0667,16.15,0.1569,3,B,0.0669,0.1013,0.0526
01fdefa7697d26ad920e9e0346d4bd1b,PR,South,128,14802.53,7,128,0.0547,4.378,0.0551,10.73,0.7933,6,B,0.0669,0.1013,0.0526
43f8c9950d11ecd03a0304a49e010da6,SP,Southeast,41,4249.59,2,41,0.0488,4.561,0.0244,11.5,0.3537,5,B,0.0669,0.1013,0.0526
c60b801f2d52c7f7f91de00870882a75,SP,Southeast,39,11296.5,6,39,0.1538,3.436,0.2821,16.1,0.7049,10,C,0.0669,0.1013,0.0526
eeb6de78f79159600292e314a77cbd18,SC,South,82,43510.84,3,82,0.0366,4.439,0.0488,12.16,0.9402,4,A,0.0669,0.1013,0.0526
4bf2f4ee540798a61f9636d12cd9cc80,SP,Southeast,29,4995.56,0,29,0.0,4.138,0.0345,13.56,0.4172,1,B,0.0669,0.1013,0.0526
25e6ffe976bd75618accfe16cefcbd0d,SP,Southeast,106,11552.62,3,106,0.0283,4.443,0.0566,10.15,0.7086,3,B,0.0669,0.1013,0.0526
1d8dbc4f32378d715c717c1c1fc57bae,PR,South,91,11205.99,8,91,0.0879,4.056,0.0899,15.57,0.7036,8,B,0.0669,0.1013,0.0526
fc906263ca5083d09dce42fe02247800,MG,Southeast,112,4417.9,0,112,0.0,4.375,0.0357,9.4,0.3636,2,B,0.0669,0.1013,0.0526
9596c870880d900012f2e8e6e30d06d7,MG,Southeast,21,7625.35,1,21,0.0476,4.286,0.0476,13.83,0.5753,5,B,0.0669,0.1013,0.0526
1da366cade6d8276e7d8beea7af5d4bf,MG,Southeast,42,6348.59,3,42,0.0714,3.976,0.122,17.47,0.4956,7,B,0.0669,0.1013,0.0526
e96498ed8daaa3e9c23f7a62da76591c,SP,Southeast,34,9619.09,5,34,0.1471,3.941,0.2059,15.2,0.6663,10,C,0.0669,0.1013,0.0526
ad781527c93d00d89a11eecd9dcad7c1,SP,Southeast,38,6039.63,12,38,0.3158,3.342,0.2632,25.5,0.4819,10,C,0.0669,0.1013,0.0526
bacb1f0ed56ad24198f5810d2b3fe9a5,SP,Southeast,38,6078.05,1,38,0.0263,4.324,0.0541,9.78,0.4844,3,B,0.0669,0.1013,0.0526
2156f2671501a81034d7d07f217609d0,SP,Southeast,21,2909.5,3,21,0.1429,4.0,0.0952,15.28,0.198,10,C,0.0669,0.1013,0.0526
128639473a139ac0f3e5f5ade55873a5,PR,South,527,11795.85,22,527,0.0417,4.213,0.0691,14.34,0.7136,4,B,0.0669,0.1013,0.0526
7a241947449cc45dbfda4f9d0798d9d0,MG,Southeast,56,7434.66,4,56,0.0714,4.145,0.0727,13.22,0.5616,7,B,0.0669,0.1013,0.0526
7e1fb0a3ebfb01ffb3a7dae98bf3238d,SP,Southeast,155,26169.53,18,155,0.1161,4.19,0.0784,15.56,0.8854,9,B,0.0669,0.1013,0.0526
376a891762bbdecbc02b4b6adec3fdda,GO,Center-West,57,6406.23,2,57,0.0351,4.667,0.0175,12.22,0.5019,3,B,0.0669,0.1013,0.0526
1dfe5347016252a7884b694d4f10f5c4,SP,Southeast,20,1632.5,5,20,0.25,3.4,0.3,18.91,0.0735,10,C,0.0669,0.1013,0.0526
25c5c91f63607446a97b143d2d535d31,MG,Southeast,156,54208.78,11,156,0.0705,3.845,0.1355,14.47,0.9614,7,B,0.0669,0.1013,0.0526
d2374cbcbb3ca4ab1086534108cc3ab7,SP,Southeast,514,20926.02,27,514,0.0525,3.782,0.1415,14.61,0.8518,5,A,0.0669,0.1013,0.0526
1eade46fba20122dc4aefb379f8c636b,SP,Southeast,58,3635.37,7,58,0.1207,4.431,0.0517,12.37,0.2628,9,B,0.0669,0.1013,0.0526
40d54b51e962dbe09cabbcfd33298dee,SP,Southeast,30,6785.56,0,30,0.0,4.0,0.2,7.33,0.528,1,B,0.0669,0.1013,0.0526
70c27847eca8195c983ed7e798c56743,RJ,Southeast,77,12077.52,5,77,0.0649,4.234,0.1299,11.21,0.7248,6,B,0.0669,0.1013,0.0526
05d2173d43ea568aa0540eba70d2ca76,MG,Southeast,62,5759.66,3,62,0.0484,4.183,0.0833,15.02,0.4658,5,B,0.0669,0.1013,0.0526
b839e41795b7f3ad94cc2014a52f6796,SP,Southeast,33,42829.0,1,33,0.0303,4.091,0.1818,6.67,0.9365,3,A,0.0669,0.1013,0.0526
48efc9d94a9834137efd9ea76b065a38,PR,South,33,345.6,0,33,0.0,5.0,0.0,10.79,0.0012,1,B,0.0669,0.1013,0.0526
0dd184061fb0eaa7ca37932c68ab91c5,SP,Southeast,161,18446.92,17,161,0.1056,4.031,0.1125,11.83,0.8406,9,B,0.0669,0.1013,0.0526
c3867b4666c7d76867627c2f7fb22e21,SP,Southeast,228,34666.9,25,228,0.1096,4.08,0.1062,15.4,0.9191,9,B,0.0669,0.1013,0.0526
0bae85eb84b9fb3bd773911e89288d54,SP,Southeast,136,7433.56,1,136,0.0074,4.294,0.0441,10.28,0.5604,2,B,0.0669,0.1013,0.0526
058fd0aa2bfdb2274e05e1ae971dabb6,SP,Southeast,60,7549.9,4,60,0.0667,4.367,0.0833,10.14,0.5691,6,B,0.0669,0.1013,0.0526
f615fe7efbef0f4f08fd3086bc7a3e60,SP,Southeast,22,2061.37,2,22,0.0909,4.5,0.0,7.56,0.1146,8,B,0.0669,0.1013,0.0526
08633c14ef2db992c11f840f04fad4cd,SP,Southeast,74,7644.3,4,74,0.0541,4.365,0.0405,9.96,0.5791,6,B,0.0669,0.1013,0.0526
5b8154610ebb21fb90eb587365e673df,SP,Southeast,37,9048.05,4,37,0.1081,4.162,0.0811,13.05,0.6376,9,B,0.0669,0.1013,0.0526
fb89df7f89fd1b8f03fa2acca1ba7364,PR,South,22,2220.0,2,22,0.0909,3.864,0.0909,16.15,0.1308,8,B,0.0669,0.1013,0.0526
17ca9b9e9b9ef8fdb529001b49ebb50f,MG,Southeast,115,9649.86,1,115,0.0087,4.07,0.087,8.24,0.6675,2,B,0.0669,0.1013,0.0526
9add47bf45ce8e8c7db6b9cf670b1e09,PR,South,41,4606.44,1,41,0.0244,4.225,0.075,12.25,0.3823,3,B,0.0669,0.1013,0.0526
acce39e832338debb07b02385cde5967,MG,Southeast,44,4748.1,0,44,0.0,4.477,0.0,7.05,0.3973,1,B,0.0669,0.1013,0.0526
f262cbc1c910c83959f849465454ddd3,SP,Southeast,189,10199.86,14,189,0.0741,4.181,0.0957,9.11,0.68,7,B,0.0669,0.1013,0.0526
432c37c9dfba871172ec162e20118b8c,DF,Center-West,44,2679.87,4,44,0.0909,4.25,0.0682,14.6,0.1743,8,B,0.0669,0.1013,0.0526
e9511df20ccd82658a30c37b7fb343af,SP,Southeast,22,2096.6,0,22,0.0,4.318,0.0455,9.76,0.1183,2,B,0.0669,0.1013,0.0526
d8c7ba53e7e38711eaef8c2849d6d2e1,PR,South,22,1190.87,0,22,0.0,4.5,0.0,8.11,0.0399,1,B,0.0669,0.1013,0.0526
6338ea67c41078a46ad99cc009654956,RS,South,37,2286.09,0,37,0.0,4.6,0.0571,13.19,0.1357,1,B,0.0669,0.1013,0.0526
65febd49fd28ec955651299159b1f527,SP,Southeast,33,4136.71,0,33,0.0,4.455,0.0303,6.68,0.34,1,B,0.0669,0.1013,0.0526
06e5eefc71ec47ae763c5c6f8db7064f,RS,South,90,21648.67,0,90,0.0,3.977,0.1023,10.93,0.858,1,A,0.0669,0.1013,0.0526
2a6fbeaa7ab9e5d59a35841a8da71ce4,SC,South,30,1632.79,2,30,0.0667,3.931,0.1379,14.51,0.0747,6,B,0.0669,0.1013,0.0526
ff1fb4c404b2efe68b03350a8dc24122,SP,Southeast,46,6771.0,6,46,0.1304,4.0,0.1304,10.31,0.5268,10,C,0.0669,0.1013,0.0526
6860153b69cc696d5dcfe1cdaaafcf62,SP,Southeast,74,3827.63,6,74,0.0811,4.096,0.1507,10.25,0.2964,7,B,0.0669,0.1013,0.0526
903037660cf848a717166eb7a06d616e,SP,Southeast,44,7935.18,5,44,0.1136,3.955,0.1136,11.84,0.5953,9,B,0.0669,0.1013,0.0526
f08c008c8a8d31417763738a1788a2a8,PR,South,20,1211.92,3,20,0.15,3.421,0.2105,19.36,0.0436,10,C,0.0669,0.1013,0.0526
bf3c6d2a28b2b5501e6c15448982dcc9,SP,Southeast,35,3956.5,1,35,0.0286,4.6,0.0,11.82,0.3188,3,B,0.0669,0.1013,0.0526
e99e927c81e3f51739c94fcdfca9f10f,MG,Southeast,21,2597.85,1,21,0.0476,3.714,0.1905,14.58,0.1656,5,B,0.0669,0.1013,0.0526
066a6914e1ebf3ea95a216c73a986b91,PR,South,66,8956.38,2,66,0.0303,4.091,0.0758,13.31,0.6326,3,B,0.0669,0.1013,0.0526
6d66611d7c44cc30ce351abc49a68421,SP,Southeast,164,13428.6,9,164,0.0549,3.969,0.1049,12.03,0.7721,6,B,0.0669,0.1013,0.0526
3d8fa2f5b647373c8620330c4e077a9f,SP,Southeast,42,3501.74,1,42,0.0238,4.244,0.0732,9.11,0.2491,2,B,0.0669,0.1013,0.0526
76d5af76d0271110f9af36c92573f765,SP,Southeast,128,31944.6,12,128,0.0938,4.134,0.1181,11.92,0.9091,8,B,0.0669,0.1013,0.0526
729f06993dac8e860d4f02d7088ca48a,SP,Southeast,94,19885.18,9,94,0.0957,4.215,0.1075,11.75,0.8481,8,B,0.0669,0.1013,0.0526
cc419e0650a3c5ba77189a1882b7556a,SP,Southeast,1651,101090.96,87,1651,0.0527,4.15,0.0971,11.59,0.9801,6,B,0.0669,0.1013,0.0526
0df3984f9dfb3d49ac6366acbd3bbb85,MG,Southeast,86,9891.49,1,86,0.0116,4.384,0.093,9.55,0.675,2,B,0.0669,0.1013,0.0526
7008613ea464bad5cb9b83456e1e6a8f,SC,South,123,7538.7,6,123,0.0488,4.279,0.0738,14.48,0.5679,5,B,0.0669,0.1013,0.0526
7f152321c60a266edc53af1925ef96c1,SC,South,20,3919.8,6,20,0.3,3.8,0.2,23.47,0.3113,10,C,0.0669,0.1013,0.0526
994f04b3718c2bab35c2adfa8afecd2a,SP,Southeast,47,3289.8,3,47,0.0638,4.298,0.0213,14.03,0.2304,6,B,0.0669,0.1013,0.0526
3f3486b61f45078d4f31ee5e43d8c5bb,SP,Southeast,39,3769.73,4,39,0.1026,4.333,0.0256,13.88,0.2914,9,B,0.0669,0.1013,0.0526
6b3bd31ad8fcda4b2635ec9f3ff2ecdf,RJ,Southeast,35,4063.9,3,35,0.0857,4.086,0.1714,13.21,0.33,8,B,0.0669,0.1013,0.0526
977f9f63dd360c2a32ece2f93ad6d306,SP,Southeast,23,2730.07,2,23,0.087,3.87,0.1739,12.8,0.1831,8,B,0.0669,0.1013,0.0526
ce248b21cb2adc36282ede306b7660e5,SC,South,64,13560.19,5,64,0.0781,4.234,0.1094,15.72,0.7746,7,B,0.0669,0.1013,0.0526
7ad32824caee82087b3e2e5f33b1bf32,SP,Southeast,147,22018.1,19,147,0.1293,3.861,0.1458,12.12,0.863,9,B,0.0669,0.1013,0.0526
de722cd6dad950a92b7d4f82673f8833,PE,Northeast,337,55126.3,12,337,0.0356,4.304,0.0744,12.68,0.9664,4,A,0.0669,0.1013,0.0526
45ba18c210d42734ec52c0c1c574e9ee,SP,Southeast,35,5099.44,2,35,0.0571,4.114,0.1429,7.46,0.4259,6,B,0.0669,0.1013,0.0526
dc317f341ab0e22f39acbd9dbf9b4a1f,RS,South,55,18988.4,3,55,0.0545,4.145,0.1636,12.41,0.8443,6,B,0.0669,0.1013,0.0526
1b8356dabde1d35e17cef975c3f82730,SP,Southeast,55,3366.4,1,55,0.0182,4.218,0.0545,10.54,0.2366,2,B,0.0669,0.1013,0.0526
54965bbe3e4f07ae045b90b0b8541f52,PR,South,73,10351.7,22,73,0.3014,3.145,0.3623,26.17,0.6837,10,C,0.0669,0.1013,0.0526
6039e27294dc75811c0d8a39069f52c0,SP,Southeast,63,13500.8,11,63,0.1746,3.73,0.1746,17.99,0.7733,10,C,0.0669,0.1013,0.0526
05ff92fedb5be47920fea08e501238b9,RS,South,57,21235.98,2,57,0.0351,4.316,0.0526,12.34,0.8555,3,A,0.0669,0.1013,0.0526
916c9de0b5ad957346eeeb12f332687e,PR,South,22,5336.5,0,22,0.0,4.545,0.0455,8.83,0.4421,1,B,0.0669,0.1013,0.0526
c68fb906c8f4b4b946d8386bfa6e5467,SP,Southeast,45,4541.16,1,45,0.0222,4.523,0.0227,10.92,0.3773,2,B,0.0669,0.1013,0.0526
93dc87703c046b603023e75222018b45,MG,Southeast,33,8149.35,3,33,0.0909,4.129,0.0968,20.05,0.6027,8,B,0.0669,0.1013,0.0526
10076e5788b8ee532724bcd460baf762,SP,Southeast,23,821.48,1,23,0.0435,4.565,0.0435,10.03,0.0149,4,B,0.0669,0.1013,0.0526
f0b47fbbc6dee9aafe415a6e33051b3f,SP,Southeast,67,3766.92,7,67,0.1045,4.254,0.1045,10.13,0.2889,9,B,0.0669,0.1013,0.0526
1127b7f2594683f2510f1c2c834a486b,SP,Southeast,110,6669.7,2,110,0.0182,4.191,0.0727,9.35,0.5218,2,B,0.0669,0.1013,0.0526
79ed755314cfe6df0daef2c6cd3022cd,SP,Southeast,23,3907.5,0,23,0.0,4.727,0.0,9.26,0.3076,1,B,0.0669,0.1013,0.0526
2c9e548be18521d1c43cde1c582c6de8,SP,Southeast,124,6013.56,19,124,0.1532,4.131,0.1148,13.68,0.4807,10,C,0.0669,0.1013,0.0526
bc47d5d1490df2b36add65d733eafaba,SP,Southeast,21,929.8,2,21,0.0952,3.524,0.2381,12.85,0.0249,8,C,0.0669,0.1013,0.0526
c31eff8334d6b3047ed34bebd4d62c36,SP,Southeast,120,12991.61,14,120,0.1167,3.874,0.1176,12.67,0.7547,9,B,0.0669,0.1013,0.0526
822166ed1e47908f7cfb49946d03c726,RJ,Southeast,69,3714.83,1,69,0.0145,3.985,0.1618,12.81,0.2802,2,B,0.0669,0.1013,0.0526
b2ba3715d723d245138f291a6fe42594,SP,Southeast,324,49302.18,22,324,0.0679,4.202,0.0935,14.07,0.9527,7,B,0.0669,0.1013,0.0526
b410bdd36d5db7a65dcd42b7ead933b8,GO,Center-West,42,7368.9,0,42,0.0,4.81,0.0,9.2,0.5567,1,B,0.0669,0.1013,0.0526
31344c16881c08a8a72c6d2eb29918c1,MG,Southeast,42,9365.8,2,42,0.0476,4.429,0.0952,15.7,0.6538,5,B,0.0669,0.1013,0.0526
fcb5ace8bcc92f75707dc0f01a27d269,SP,Southeast,59,8009.35,2,59,0.0339,3.983,0.1034,10.6,0.5978,3,B,0.0669,0.1013,0.0526
6a0cbc8af2e8abd1bdfb777943d174c6,SP,Southeast,34,3788.15,3,34,0.0882,4.03,0.0909,15.51,0.2927,8,B,0.0669,0.1013,0.0526
8931a84a914b3fe9b1ddaa4d704947ca,SP,Southeast,29,4668.3,2,29,0.069,4.071,0.1429,11.88,0.3923,7,B,0.0669,0.1013,0.0526
7681ef142fd2c19048da7430856b5588,SP,Southeast,58,31211.81,5,58,0.0862,4.228,0.0877,10.56,0.9041,8,B,0.0669,0.1013,0.0526
3771c85bac139d2344864ede5d9341e3,SP,Southeast,26,1433.3,3,26,0.1154,3.846,0.1154,13.26,0.0598,9,B,0.0669,0.1013,0.0526
7ddcbb64b5bc1ef36ca8c151f6ec77df,SP,Southeast,325,54435.66,27,325,0.0831,4.028,0.1056,12.71,0.9626,8,B,0.0669,0.1013,0.0526
3481aa57cd91f9f9d3fa1fa12d9a3bf7,SP,Southeast,25,1773.03,0,25,0.0,3.88,0.12,10.19,0.0859,1,B,0.0669,0.1013,0.0526
bd0389da23d89b726abf911cccc54596,DF,Center-West,87,7472.16,6,87,0.069,4.172,0.069,13.63,0.5641,7,B,0.0669,0.1013,0.0526
af3ef48d0e13835e529c29ac573c63e5,SP,Southeast,21,1405.63,1,21,0.0476,3.762,0.1905,7.93,0.0585,5,B,0.0669,0.1013,0.0526
855668e0971d4dfd7bef1b6a4133b41b,SP,Southeast,300,30849.22,38,300,0.1267,3.855,0.1453,16.26,0.9016,9,B,0.0669,0.1013,0.0526
1c68394e931a64f90ea236c5ea590300,PR,South,142,24832.75,5,142,0.0352,3.901,0.1338,16.05,0.8767,4,A,0.0669,0.1013,0.0526
e62b2d6ac10570a035a30bafcf01d263,SP,Southeast,62,5340.39,7,62,0.1129,3.966,0.0847,14.07,0.4433,9,B,0.0669,0.1013,0.0526
77530e9772f57a62c906e1c21538ab82,PR,South,312,45676.6,29,312,0.0929,4.147,0.1058,15.01,0.9477,8,B,0.0669,0.1013,0.0526
ff69aa92bb6b1bf9b8b7a51c2ed9cf8b,SP,Southeast,20,21940.8,4,20,0.2,3.65,0.25,11.46,0.8618,10,C,0.0669,0.1013,0.0526
edf96ef93ed595084bbcbd9224bd2894,SP,Southeast,25,3757.0,2,25,0.08,3.88,0.08,13.89,0.2852,7,B,0.0669,0.1013,0.0526
6a8b085f816a1f75f92dbac6eb545f8f,SP,Southeast,125,5884.17,10,125,0.08,4.16,0.088,14.69,0.472,7,B,0.0669,0.1013,0.0526
75fbb52eda0cbc24f479d3b2fbfa8d3e,GO,Center-West,38,1094.19,2,38,0.0526,4.447,0.0789,13.75,0.0324,5,B,0.0669,0.1013,0.0526
062ce95fa2ad4dfaedfc79260130565f,RS,South,54,7479.1,2,54,0.037,4.093,0.0926,13.5,0.5654,4,B,0.0669,0.1013,0.0526
dd533b429f380718b70ad9922c294bae,SP,Southeast,39,2244.88,4,39,0.1026,3.923,0.1282,17.28,0.1345,9,B,0.0669,0.1013,0.0526
582d4f8675b945722eda7c0cb61ba4c7,SP,Southeast,59,4702.96,1,59,0.0169,4.153,0.0678,11.1,0.3935,2,B,0.0669,0.1013,0.0526
94144541854e298c2d976cb893b81343,RS,South,68,17286.28,3,68,0.0441,4.254,0.0597,12.94,0.8281,5,A,0.0669,0.1013,0.0526
bf84056e679dbe9c69929847a40e338f,SP,Southeast,35,1918.08,2,35,0.0571,3.771,0.1714,12.68,0.1034,6,B,0.0669,0.1013,0.0526
1c129092bf23f28a5930387c980c0dfc,SP,Southeast,200,9528.62,9,200,0.045,4.251,0.0704,11.75,0.6613,5,B,0.0669,0.1013,0.0526
8090490573c6c0aa343a7231ebcb8c86,SP,Southeast,26,3871.12,2,26,0.0769,4.192,0.1154,10.09,0.3014,7,B,0.0669,0.1013,0.0526
602044f2c16190c2c6e45eb35c2e21cb,SP,Southeast,48,3559.17,8,48,0.1667,3.234,0.2766,14.81,0.2565,10,C,0.0669,0.1013,0.0526
b347677812ea483b0f528eaf8cbc09b7,PR,South,21,7288.99,0,21,0.0,4.524,0.0476,13.22,0.5529,1,B,0.0669,0.1013,0.0526
b499c00f28f4b7069ff6550af8c1348a,SP,Southeast,147,10162.18,19,147,0.1293,4.224,0.0816,11.27,0.6787,9,B,0.0669,0.1013,0.0526
fad44952713764836814be105382aee5,RJ,Southeast,32,5129.0,0,32,0.0,4.281,0.0,10.79,0.4284,2,B,0.0669,0.1013,0.0526
624f4ece8da4aafb77699233d480f8ef,SP,Southeast,52,9046.0,4,52,0.0769,4.25,0.0577,13.63,0.6364,7,B,0.0669,0.1013,0.0526
95e03ca3d4146e4011985981aeb959b9,RJ,Southeast,172,10865.16,6,172,0.0349,4.018,0.1059,12.53,0.6961,3,B,0.0669,0.1013,0.0526
1771297ac436903d1dd6b0e9279aa505,SP,Southeast,28,2881.27,1,28,0.0357,4.63,0.0,9.44,0.1955,4,B,0.0669,0.1013,0.0526
df560393f3a51e74553ab94004ba5c87,PR,South,26,3429.78,2,26,0.0769,3.885,0.0769,18.47,0.2441,7,B,0.0669,0.1013,0.0526
834f3294fba9f932f56edc879193f925,SP,Southeast,66,39907.5,4,66,0.0606,4.545,0.0303,14.3,0.9315,6,B,0.0669,0.1013,0.0526
6c177e38df6d3f34182b1f1d427231bf,PR,South,53,8112.89,1,53,0.0189,4.151,0.1132,14.41,0.599,2,B,0.0669,0.1013,0.0526
381c83fdca332ea6afd896da20bf6e4a,PR,South,46,7355.8,1,46,0.0217,4.391,0.087,12.69,0.5554,2,B,0.0669,0.1013,0.0526
6fd52c528dcb38be2eea044946b811f8,SP,Southeast,67,7743.02,9,67,0.1343,3.394,0.2727,21.56,0.5841,10,C,0.0669,0.1013,0.0526
20cb7c2fde3e5bf10f0bbe7394e1c6a9,PR,South,31,845.0,3,31,0.0968,4.097,0.0968,12.37,0.0174,8,B,0.0669,0.1013,0.0526
f7720c4fa8e3aba4546301ab80ea1f1b,PR,South,59,2043.55,3,59,0.0508,4.254,0.0678,10.99,0.1121,5,B,0.0669,0.1013,0.0526
4c2b230173bb36f9b240f2b8ac11786e,SP,Southeast,258,14474.57,24,258,0.093,3.976,0.1496,12.87,0.7895,8,B,0.0669,0.1013,0.0526
02f623a8eb246f3c5f7c2f96462654e6,SP,Southeast,44,6378.0,3,44,0.0682,4.558,0.0465,8.48,0.4981,7,B,0.0669,0.1013,0.0526
4e06067cc08b3f41d837768d392c3ee3,MG,Southeast,31,941.72,1,31,0.0323,4.129,0.0645,10.26,0.0262,3,B,0.0669,0.1013,0.0526
5d0363b33554b373851fc1622e4d5f3c,SP,Southeast,93,6548.79,8,93,0.086,4.075,0.0968,12.49,0.5131,8,B,0.0669,0.1013,0.0526
013900e863eace745d3ec7614cab5b1a,PR,South,23,1619.7,0,23,0.0,4.696,0.0,12.19,0.0722,1,B,0.0669,0.1013,0.0526
17a053fcb14bd219540cbde0df490be0,SP,Southeast,124,40353.24,7,124,0.0565,4.254,0.0902,12.28,0.934,6,B,0.0669,0.1013,0.0526
7f2617c58d5d06806987308b45654351,SP,Southeast,22,3656.8,2,22,0.0909,3.818,0.1364,12.48,0.2677,8,B,0.0669,0.1013,0.0526
f00e21b1e91a79653163b7fd8f293ff1,SP,Southeast,31,3900.09,1,31,0.0323,4.1,0.1333,12.97,0.3051,3,B,0.0669,0.1013,0.0526
cc5a78bbad32776dc4e3af205218368c,MG,Southeast,33,4269.18,1,33,0.0303,4.455,0.0606,8.18,0.3549,3,B,0.0669,0.1013,0.0526
4e922959ae960d389249c378d1c939f5,SP,Southeast,412,45338.42,37,412,0.0898,3.963,0.1373,14.52,0.9465,8,B,0.0669,0.1013,0.0526
cfe94489ddd337d1e29e12f2a7205d10,SP,Southeast,20,2376.0,1,20,0.05,4.3,0.05,6.92,0.1482,5,B,0.0669,0.1013,0.0526
94e93ce877be27a515118dbfd2c2be41,SP,Southeast,29,5436.58,0,29,0.0,4.036,0.1071,13.61,0.4533,1,B,0.0669,0.1013,0.0526
8581055ce74af1daba164fdbd55a40de,SP,Southeast,380,64011.22,31,379,0.0818,4.309,0.0686,13.1,0.9714,7,B,0.0669,0.1013,0.0526
c33847515fa6305ce6feb1e818569f13,SC,South,114,15519.85,4,114,0.0351,3.851,0.1404,9.29,0.8032,3,A,0.0669,0.1013,0.0526
2a7dc43cecabf23403078e2188437d1d,SP,Southeast,52,4795.91,3,52,0.0577,4.096,0.0962,13.14,0.3998,6,B,0.0669,0.1013,0.0526
a3f0b55de503387383c7b1de3ad7f678,PR,South,24,4348.4,1,24,0.0417,4.417,0.0417,10.7,0.3587,4,B,0.0669,0.1013,0.0526
ea566164622c6b439516ab18062c42cd,SP,Southeast,50,10309.42,9,50,0.18,3.78,0.16,14.03,0.6824,10,C,0.0669,0.1013,0.0526
821fb029fc6e495ca4f08a35d51e53a5,SP,Southeast,24,17851.62,8,24,0.3333,3.478,0.3043,16.79,0.8344,10,C,0.0669,0.1013,0.0526
1a932caad4f9d804097d7f8e615baed1,SP,Southeast,20,4661.0,3,20,0.15,3.9,0.15,9.54,0.3898,10,C,0.0669,0.1013,0.0526
c66dccfb3f109511246da627dd5a2498,SP,Southeast,44,12182.55,2,44,0.0455,4.568,0.0227,11.34,0.7323,5,B,0.0669,0.1013,0.0526
d921b68bf747894be13a97ae52b0f386,MG,Southeast,77,15645.8,1,77,0.013,4.558,0.039,9.97,0.8082,2,A,0.0669,0.1013,0.0526
c8417879a15366a17c30af34c798c332,SP,Southeast,25,1734.7,1,25,0.04,4.292,0.0833,9.31,0.0847,4,B,0.0669,0.1013,0.0526
2528513dd95219a6013d4d05176e391a,SP,Southeast,160,32660.2,6,160,0.0375,3.968,0.1401,10.65,0.9103,4,A,0.0669,0.1013,0.0526
1464afc72f696af775557a821c2e253f,RJ,Southeast,29,1059.36,1,29,0.0345,4.241,0.069,11.55,0.0311,3,B,0.0669,0.1013,0.0526
77a515caa36327151d1cc6c32a9f00e1,SP,Southeast,26,2217.39,3,26,0.1154,4.423,0.0385,10.34,0.1295,9,B,0.0669,0.1013,0.0526
318f287a62ab7ac10b703ac37435a231,SP,Southeast,51,2432.48,5,51,0.098,3.922,0.1373,11.52,0.1519,8,B,0.0669,0.1013,0.0526
5b179e9e8cc7ab6fd113a46ca584da81,SP,Southeast,34,5173.5,2,34,0.0588,3.667,0.1818,13.01,0.4321,6,B,0.0669,0.1013,0.0526
834f8533b2ecb6598dd004ff3de7203a,SP,Southeast,41,4324.35,6,41,0.1463,3.951,0.1463,14.66,0.3562,10,C,0.0669,0.1013,0.0526
730937bf88cb151eb2eb849f642fc213,SP,Southeast,22,2821.2,1,22,0.0455,4.409,0.0909,6.47,0.1918,5,B,0.0669,0.1013,0.0526
cc3d14116804f7209f3884f6367f1152,PR,South,27,5477.8,0,27,0.0,4.63,0.0,12.83,0.4545,1,B,0.0669,0.1013,0.0526
440dd6ab244315c632130ecfb63827b1,SP,Southeast,91,13089.0,12,91,0.1319,3.89,0.1319,16.62,0.7572,10,C,0.0669,0.1013,0.0526
45d33f715e24d15a6ccf5c17b3a23e3c,SP,Southeast,56,4518.49,3,56,0.0536,4.143,0.1071,11.55,0.3748,6,B,0.0669,0.1013,0.0526
16090f2ca825584b5a147ab24aa30c86,SP,Southeast,398,25579.16,32,398,0.0804,4.088,0.0934,9.18,0.8817,7,B,0.0669,0.1013,0.0526
b561927807645834b59ef0d16ba55a24,SP,Southeast,85,4501.99,12,85,0.1412,4.341,0.0706,12.61,0.3736,10,C,0.0669,0.1013,0.0526
e06f09ec0a4aca210779cf1cfc63cf19,SP,Southeast,29,5279.49,2,29,0.069,3.966,0.1379,14.87,0.4396,7,B,0.0669,0.1013,0.0526
213b25e6f54661939f11710a6fddb871,SP,Southeast,152,15105.95,10,152,0.0658,3.815,0.1391,15.24,0.797,6,B,0.0669,0.1013,0.0526
78c99c6dff4eeae5be99bf635ed21e3f,SP,Southeast,31,2030.88,2,31,0.0645,4.419,0.0968,13.45,0.1108,6,B,0.0669,0.1013,0.0526
56642bcb79900e777d68e91915cb4267,SP,Southeast,48,3657.64,4,48,0.0833,4.063,0.125,12.48,0.269,8,B,0.0669,0.1013,0.0526
8a130737016f838139d31878787a39c9,SP,Southeast,56,4222.03,4,56,0.0714,4.446,0.0357,10.19,0.3512,7,B,0.0669,0.1013,0.0526
850f4f8af5ea87287ac68de36e29107f,SP,Southeast,186,45285.37,9,186,0.0484,4.295,0.0656,10.13,0.9452,5,A,0.0669,0.1013,0.0526
643214e62b870443ccbe55ab29a4dccf,SP,Southeast,65,3229.23,7,65,0.1077,4.4,0.0308,9.59,0.2267,9,B,0.0669,0.1013,0.0526
ce27a3cc3c8cc1ea79d11e561e9bebb6,SP,Southeast,122,9465.45,2,122,0.0164,4.188,0.0684,10.2,0.6575,2,B,0.0669,0.1013,0.0526
0241d4d5d36f10f80c644447315af0bd,PR,South,238,31397.7,11,238,0.0462,4.354,0.0717,11.0,0.9066,5,A,0.0669,0.1013,0.0526
272f092de69afedd4d2969440b37f18f,SP,Southeast,25,1846.33,0,25,0.0,3.958,0.1667,10.17,0.0946,1,B,0.0669,0.1013,0.0526
8e8a7ce9f2f970dc00e2acf6f6e199f6,RJ,Southeast,63,8821.0,4,63,0.0635,3.984,0.0794,12.25,0.6264,6,B,0.0669,0.1013,0.0526
8cc6a0e5738e61a87b03c78b2ba9db4b,MG,Southeast,23,13272.7,2,23,0.087,4.478,0.0435,16.77,0.7634,8,B,0.0669,0.1013,0.0526
f4db9b37944bcb8873e6b456ee190bbf,SP,Southeast,21,3409.78,2,21,0.0952,4.571,0.0,13.15,0.2403,8,B,0.0669,0.1013,0.0526
729b2d09b2a0bdab221076327f13d050,SP,Southeast,48,1805.21,2,48,0.0417,4.563,0.0208,12.48,0.0909,4,B,0.0669,0.1013,0.0526
18e694e0e48ed6f7aa3f24aade5fd697,SP,Southeast,31,701.54,1,31,0.0323,4.677,0.0,6.01,0.01,3,B,0.0669,0.1013,0.0526
897060da8b9a21f655304d50fd935913,SP,Southeast,304,21740.51,32,304,0.1053,3.718,0.1761,14.95,0.8593,9,B,0.0669,0.1013,0.0526
09f952a5f58d2285b0372551ae8f9b01,SP,Southeast,50,11821.5,3,50,0.06,3.84,0.14,13.29,0.7186,6,B,0.0669,0.1013,0.0526
14d7985702e72162bbf13b6beb74ab2b,SP,Southeast,37,3887.0,4,37,0.1081,4.324,0.0541,11.06,0.3039,9,B,0.0669,0.1013,0.0526
9616352088dcf83a7c06637f4ebf1c80,PR,South,91,5643.1,0,91,0.0,4.352,0.0549,12.44,0.462,1,B,0.0669,0.1013,0.0526
520b493b57809f446cb0a233bb3e25c7,SP,Southeast,63,3698.9,1,63,0.0159,4.302,0.0794,7.68,0.279,2,B,0.0669,0.1013,0.0526
b83cedfb587e7911540e3f576d6917ce,SP,Southeast,24,2224.95,1,24,0.0417,4.208,0.125,10.16,0.132,4,B,0.0669,0.1013,0.0526
0ef83d7d83ed97cd2a0049ac8be5f88a,PR,South,48,4421.01,1,48,0.0208,4.149,0.0426,9.57,0.3649,2,B,0.0669,0.1013,0.0526
d13e50eaa47b4cbe9eb81465865d8cfc,SP,Southeast,66,7073.05,6,66,0.0909,4.818,0.0303,5.04,0.5392,8,B,0.0669,0.1013,0.0526
5c6d4016c2a288f074fa0848a2b653d2,SP,Southeast,31,3100.0,3,31,0.0968,4.161,0.0645,10.63,0.2167,8,B,0.0669,0.1013,0.0526
da8622b14eb17ae2831f4ac5b9dab84a,SP,Southeast,1311,159816.87,87,1311,0.0664,4.181,0.0851,11.19,0.9925,6,B,0.0669,0.1013,0.0526
5f1dc28029d2c244352a68107ec2b542,SP,Southeast,62,2807.3,1,62,0.0161,4.426,0.0656,9.55,0.1905,2,B,0.0669,0.1013,0.0526
710e3548e02bc1d2831dfc4f1b5b14d4,PR,South,131,22369.25,5,131,0.0382,3.431,0.2692,14.5,0.8655,4,C,0.0669,0.1013,0.0526
3ab971ce71839580d2ae5b4e40fe8044,SP,Southeast,35,4917.0,2,35,0.0571,3.912,0.1471,6.88,0.4097,6,B,0.0669,0.1013,0.0526
9d4db00d65d7760644ac0c14edb5fd86,SP,Southeast,97,9845.71,4,97,0.0412,4.542,0.0417,8.06,0.6737,4,B,0.0669,0.1013,0.0526
30a2f535bb48308f991d0b9ad4a8c4bb,SP,Southeast,71,4731.3,2,71,0.0282,4.282,0.1127,8.21,0.396,3,B,0.0669,0.1013,0.0526
a36b125ac6d5fdbc7f50de85c9157bdc,SP,Southeast,23,1793.65,2,23,0.087,3.957,0.087,12.99,0.0884,8,B,0.0669,0.1013,0.0526
1336efc61c316ddf92c899eb817f7cae,SP,Southeast,74,4837.31,6,74,0.0811,4.0,0.1081,11.73,0.4022,7,B,0.0669,0.1013,0.0526
620c87c171fb2a6dd6e8bb4dec959fc6,RJ,Southeast,722,112461.5,63,722,0.0873,4.306,0.0894,12.9,0.9851,8,B,0.0669,0.1013,0.0526
070d165398b553f3b4b851c216b8a358,SP,Southeast,31,3333.17,4,31,0.129,3.367,0.2667,12.1,0.2354,9,C,0.0669,0.1013,0.0526
88460e8ebdecbfecb5f9601833981930,PR,South,246,31320.4,42,246,0.1707,3.433,0.2653,17.8,0.9054,10,C,0.0669,0.1013,0.0526
7d76b645482be4a332374e8223836592,SP,Southeast,172,3765.74,16,172,0.093,4.0,0.0941,13.63,0.2877,8,B,0.0669,0.1013,0.0526
cac4c8e7b1ca6252d8f20b2fc1a2e4af,SP,Southeast,74,4128.19,13,74,0.1757,3.562,0.2603,18.22,0.3387,10,C,0.0669,0.1013,0.0526
cc63f0dd2acba93ffed4fe9f8e0321fa,SP,Southeast,55,7096.71,0,55,0.0,4.091,0.0182,9.0,0.5417,1,B,0.0669,0.1013,0.0526
01fd077212124329bac32490e8ef80d9,SP,Southeast,31,1208.0,1,31,0.0323,4.161,0.0968,8.15,0.0411,3,B,0.0669,0.1013,0.0526
06a2c3af7b3aee5d69171b0e14f0ee87,MA,Northeast,389,36097.98,74,389,0.1902,4.013,0.1325,17.73,0.9203,10,C,0.0669,0.1013,0.0526
2e90cb1677d35cfe24eef47d441b7c87,SP,Southeast,127,13894.71,16,127,0.126,4.118,0.1181,12.45,0.7796,9,B,0.0669,0.1013,0.0526
adbc26658d6c7b4b6219f9d934598091,PR,South,88,11806.4,12,88,0.1364,4.125,0.125,17.26,0.7161,10,C,0.0669,0.1013,0.0526
0ffa40d54288e4f3499b8780dd0f144f,SP,Southeast,33,2162.8,4,33,0.1212,4.485,0.0303,13.54,0.1233,9,B,0.0669,0.1013,0.0526
d05ae8f7a5bd1d2a690a44cd079e4e27,RJ,Southeast,77,13244.0,5,77,0.0649,3.895,0.1579,11.33,0.7621,6,B,0.0669,0.1013,0.0526
2e1c9f22be269ef4643f826c9e650a52,SP,Southeast,161,12170.24,10,161,0.0621,4.244,0.0938,9.82,0.731,6,B,0.0669,0.1013,0.0526
00fc707aaaad2d31347cf883cd2dfe10,PR,South,103,12684.9,4,103,0.0388,4.078,0.1275,15.11,0.7472,4,B,0.0669,0.1013,0.0526
d1c281d3ae149232351cd8c8cc885f0d,SP,Southeast,214,26833.61,14,214,0.0654,3.811,0.1604,12.69,0.8904,6,B,0.0669,0.1013,0.0526
f80edd2c5aaa505cc4b0a3b219abf4b8,SP,Southeast,116,8855.5,6,116,0.0517,4.148,0.1217,12.07,0.6276,5,B,0.0669,0.1013,0.0526
3ade81dab5a172b88e1871c28ae05260,SP,Southeast,28,5383.6,3,28,0.1071,4.185,0.1481,14.18,0.4496,9,B,0.0669,0.1013,0.0526
562fc2f2c2863ab7e79a9e4388a58a14,SP,Southeast,255,8659.25,8,255,0.0314,4.229,0.0672,11.31,0.6189,3,B,0.0669,0.1013,0.0526
7dc8c42cc750eeafea6c85712ffee9bf,SP,Southeast,41,6409.68,2,41,0.0488,4.195,0.0976,9.15,0.5031,5,B,0.0669,0.1013,0.0526
960945e1a9535cbc0cd6ddd35fbe7ae8,SP,Southeast,28,3381.73,0,28,0.0,4.643,0.0,6.19,0.2379,1,B,0.0669,0.1013,0.0526
7e26c750b4cb9f6766f58265ff9ebe95,MG,Southeast,23,1344.3,0,23,0.0,4.435,0.0435,9.23,0.0535,1,B,0.0669,0.1013,0.0526
5a8e7d5003a1f221f9e1d6e411de7c23,SP,Southeast,137,11042.1,5,137,0.0365,4.168,0.0949,10.21,0.6986,4,B,0.0669,0.1013,0.0526
575df70bde3f9f2b30bf8d2e9910d725,SP,Southeast,27,5410.05,1,27,0.037,4.074,0.1111,13.39,0.4521,4,B,0.0669,0.1013,0.0526
5d3bb11474a06bdc23fb9e89f1164ee0,SP,Southeast,31,3654.6,1,31,0.0323,3.903,0.129,9.8,0.2665,3,B,0.0669,0.1013,0.0526
3bb548e3cb7f70f28e3f11ee9dce0e59,PR,South,46,7690.02,0,46,0.0,4.196,0.087,10.9,0.5816,1,B,0.0669,0.1013,0.0526
522620dcb18a6b31cd7bdf73665113a9,PR,South,172,56690.49,15,172,0.0872,3.905,0.1775,15.4,0.9676,8,B,0.0669,0.1013,0.0526
ce7d1888639e6fb06b2749cbfdac1ff7,MG,Southeast,78,11793.89,7,78,0.0897,4.167,0.1154,14.55,0.7123,8,B,0.0669,0.1013,0.0526
85d9eb9ddc5d00ca9336a2219c97bb13,MG,Southeast,499,15107.24,11,499,0.022,4.224,0.0625,14.64,0.7983,2,B,0.0669,0.1013,0.0526
a673821011d0cec28146ea42f5ab767f,SP,Southeast,125,13366.0,13,125,0.104,4.05,0.124,12.96,0.7671,9,B,0.0669,0.1013,0.0526
c8b3445d737de6befde0c88ede534a5e,SP,Southeast,30,3149.04,1,30,0.0333,4.433,0.0667,11.7,0.2192,3,B,0.0669,0.1013,0.0526
11bfa66332777660bd0640ee84d47006,SP,Southeast,76,3925.87,11,76,0.1447,3.921,0.1447,16.53,0.3151,10,C,0.0669,0.1013,0.0526
5160d23075764e18e07c1f4a87fad743,SP,Southeast,33,2359.0,0,33,0.0,4.364,0.0909,9.3,0.1445,1,B,0.0669,0.1013,0.0526
dd55f1bb788714a40e7954c3be6df745,SP,Southeast,35,7041.76,6,35,0.1714,3.743,0.0857,18.3,0.5367,10,C,0.0669,0.1013,0.0526
dc4a0fc896dc34b0d5bfec8438291c80,SP,Southeast,225,23655.98,15,225,0.0667,3.813,0.1467,13.89,0.8717,7,B,0.0669,0.1013,0.0526
e26901d5ab434ce92fd9b5c256820a4e,SP,Southeast,197,11601.5,3,197,0.0152,4.203,0.0711,9.29,0.7098,2,B,0.0669,0.1013,0.0526
a6fe7de3d16f6149ffe280349a8535a0,SP,Southeast,50,2844.9,6,50,0.12,4.041,0.102,14.98,0.193,9,B,0.0669,0.1013,0.0526
aac29b1b99776be73c3049939652091d,MG,Southeast,94,6563.66,9,94,0.0957,4.161,0.0753,14.93,0.5143,8,B,0.0669,0.1013,0.0526
54a1852d1b8f10312c55e906355666ee,SP,Southeast,198,17056.46,15,198,0.0758,4.355,0.0711,11.5,0.8232,7,B,0.0669,0.1013,0.0526
c826c40d7b19f62a09e2d7c5e7295ee2,SP,Southeast,346,44653.04,26,346,0.0751,4.13,0.1304,13.3,0.944,7,B,0.0669,0.1013,0.0526
113e3a788b935f48aad63e1c41dac1bd,SP,Southeast,39,847.35,2,39,0.0513,4.316,0.0263,13.2,0.0187,5,B,0.0669,0.1013,0.0526
d12c926d74ceff0a90a21184466ce161,SP,Southeast,76,3850.28,1,76,0.0132,4.382,0.0526,8.72,0.2989,2,B,0.0669,0.1013,0.0526
594f9aaa48e5bf431f011ddc5669b0d5,MG,Southeast,37,3248.8,1,37,0.027,4.595,0.0,7.79,0.2291,3,B,0.0669,0.1013,0.0526
f7ccf836d21b2fb1de37564105216cc1,SP,Southeast,69,2748.4,5,69,0.0725,3.851,0.194,11.21,0.1856,7,B,0.0669,0.1013,0.0526
7e3f87d16fb353f408d467e74fbd8014,SP,Southeast,91,4653.09,6,91,0.0659,4.165,0.0989,12.57,0.3885,6,B,0.0669,0.1013,0.0526
4830e40640734fc1c52cd21127c341d4,SP,Southeast,204,9490.5,10,204,0.049,4.225,0.0833,9.98,0.66,5,B,0.0669,0.1013,0.0526
dbb9b48c841a0e39e21f98e1a6b2ec3e,SP,Southeast,108,7186.85,4,108,0.037,4.269,0.0833,9.82,0.543,4,B,0.0669,0.1013,0.0526
72c5da29406b4234927b81855e7b64f6,SP,Southeast,31,11798.69,1,31,0.0323,4.129,0.0968,10.8,0.7148,3,B,0.0669,0.1013,0.0526
0ed6ce5d87fd9c69eaacaeb778d67235,SP,Southeast,42,2026.52,6,42,0.1429,4.39,0.0244,16.0,0.1096,10,C,0.0669,0.1013,0.0526
6973a06f484aacf400ece213dbf3d946,SP,Southeast,89,10418.72,13,89,0.1461,3.716,0.1591,14.9,0.6849,10,C,0.0669,0.1013,0.0526
0cbcee27c791afa0cdcb08587a2013a8,MG,Southeast,37,5054.15,4,37,0.1081,4.0,0.0541,12.79,0.4234,9,B,0.0669,0.1013,0.0526
b1a81260566c1bac3114a6d124413f27,RS,South,51,8684.69,0,51,0.0,4.275,0.1176,8.57,0.6202,1,B,0.0669,0.1013,0.0526
080199a181c46c657dc5aa235411be3b,SP,Southeast,79,14504.2,1,79,0.0127,4.615,0.0128,8.09,0.7908,2,B,0.0669,0.1013,0.0526
cca3071e3e9bb7d12640c9fbe2301306,SP,Southeast,699,63035.16,34,699,0.0486,3.887,0.1381,14.16,0.9701,5,A,0.0669,0.1013,0.0526
7f7b8245c336066a1f9933c359f11d77,SP,Southeast,38,2094.36,1,38,0.0263,4.553,0.0526,8.17,0.1171,3,B,0.0669,0.1013,0.0526
8648b1e89e9b349e32d3741b30ec737e,SP,Southeast,93,7228.75,9,93,0.0968,4.151,0.129,9.05,0.5479,8,B,0.0669,0.1013,0.0526
d50d79cb34e38265a8649c383dcffd48,SP,Southeast,70,13012.42,3,70,0.0429,4.246,0.0435,13.16,0.7559,4,B,0.0669,0.1013,0.0526
f214d28e8d8e3ef068748498ccc2f813,SP,Southeast,52,2152.43,4,52,0.0769,4.275,0.0784,10.43,0.122,7,B,0.0669,0.1013,0.0526
ebd2d60905fb58271facef5596b620d3,SP,Southeast,82,7713.02,3,82,0.0366,4.232,0.0976,12.99,0.5828,4,B,0.0669,0.1013,0.0526
efcd8d2104f1a05d028af7bad20d974b,SP,Southeast,46,2384.79,1,46,0.0217,4.196,0.087,10.14,0.1494,2,B,0.0669,0.1013,0.0526
530ec6109d11eaaf87999465c6afee01,PR,South,94,12682.11,1,94,0.0106,4.34,0.0532,10.85,0.746,2,B,0.0669,0.1013,0.0526
0adac9fbd9a2b63cccaac4f8756c1ca8,SP,Southeast,106,15557.6,6,106,0.0566,4.094,0.0943,13.07,0.8057,6,B,0.0669,0.1013,0.0526
b39d7fe263ef469605dbb32608aee0af,SP,Southeast,43,5063.2,2,43,0.0465,3.929,0.0952,13.3,0.4247,5,B,0.0669,0.1013,0.0526
7b0df942f46435babab05d49b744b2c4,SP,Southeast,32,22600.63,3,32,0.0938,4.387,0.0645,11.09,0.868,8,B,0.0669,0.1013,0.0526
f27e33c6d29b5138fa9967bcd445b6d5,SP,Southeast,93,8888.3,8,93,0.086,4.097,0.1075,12.07,0.6314,8,B,0.0669,0.1013,0.0526
55d3daac7c404d59e51c2aa2f4dc5a23,SP,Southeast,21,4480.6,0,21,0.0,4.095,0.0952,8.71,0.3724,1,B,0.0669,0.1013,0.0526
1c40343cc5d18c2d8248ac2f3366de34,SP,Southeast,21,2461.41,2,21,0.0952,4.619,0.0,7.48,0.1544,8,B,0.0669,0.1013,0.0526
c9aafcd0621b2207c10e32c649cada4d,SP,Southeast,40,2671.26,3,40,0.075,4.325,0.1,8.71,0.1719,7,B,0.0669,0.1013,0.0526
6fc26fe110feebd80a433e1f012a84f9,SP,Southeast,35,4150.87,4,35,0.1143,3.912,0.1471,12.88,0.3412,9,B,0.0669,0.1013,0.0526
98dac6635aee4995d501a3972e047414,SP,Southeast,89,4115.75,4,89,0.0449,4.148,0.1477,9.62,0.335,5,B,0.0669,0.1013,0.0526
a49928bcdf77c55c6d6e05e09a9b4ca5,SP,Southeast,96,8646.9,21,96,0.2188,3.031,0.3438,16.93,0.6177,10,C,0.0669,0.1013,0.0526
0d85bbda9889ce1f7e63778d24f346eb,MG,Southeast,51,4845.2,6,51,0.1176,4.2,0.1,15.83,0.4047,9,B,0.0669,0.1013,0.0526
d624126b9206f595fb3fbb6ba03b28a8,PR,South,23,7198.8,1,23,0.0435,4.318,0.0,11.36,0.5442,4,B,0.0669,0.1013,0.0526
26d8a1c7c75d513045798992ead43aa2,PR,South,34,5937.13,3,34,0.0882,4.412,0.0882,12.72,0.4745,8,B,0.0669,0.1013,0.0526
e6a69c4a27dfdd98ffe5aa757ad744bc,SP,Southeast,21,508.51,0,21,0.0,4.286,0.0952,10.74,0.0037,1,B,0.0669,0.1013,0.0526
f181738b150df1f37cb0bd72e705b193,SP,Southeast,36,5529.7,3,36,0.0833,4.472,0.0278,9.32,0.4558,8,B,0.0669,0.1013,0.0526
bd4889b5e9133b35b66e42a8665cea5c,SP,Southeast,36,6271.9,0,36,0.0,4.4,0.0,10.28,0.4944,1,B,0.0669,0.1013,0.0526
9de4643a8dbde634fe55621059d92273,SC,South,72,17560.34,2,72,0.0278,4.528,0.0417,14.64,0.8319,3,A,0.0669,0.1013,0.0526
3be634553519fb6536a03e1358e9fdc7,SP,Southeast,80,5231.02,6,80,0.075,4.0,0.0625,10.08,0.4359,7,B,0.0669,0.1013,0.0526
04308b1ee57b6625f47df1d56f00eedf,SC,South,92,58991.8,7,92,0.0761,3.946,0.163,18.88,0.9689,7,B,0.0669,0.1013,0.0526
23d7c96d4a1160db1c726b248601b25a,SP,Southeast,50,10658.24,5,50,0.1,3.917,0.0833,13.13,0.6912,8,B,0.0669,0.1013,0.0526
e883aa812c37a7413226856f4579fe91,SP,Southeast,26,4097.1,1,26,0.0385,4.154,0.1154,9.9,0.3337,4,B,0.0669,0.1013,0.0526
c0563dd588b775f2e37747ef6ad6c92c,SP,Southeast,28,3697.2,3,28,0.1071,4.357,0.0357,10.86,0.2777,9,B,0.0669,0.1013,0.0526
33a6f4b1e7cdc205511e76ba1b6e0186,SP,Southeast,105,10295.01,2,105,0.019,4.41,0.0571,8.5,0.6812,2,B,0.0669,0.1013,0.0526
91f848e9f4be368f4318775aac733370,SP,Southeast,60,5668.61,1,60,0.0167,4.397,0.0345,9.94,0.4633,2,B,0.0669,0.1013,0.0526
7a67c85e85bb2ce8582c35f2203ad736,SP,Southeast,1145,139658.69,60,1145,0.0524,4.276,0.0677,11.2,0.9913,5,A,0.0669,0.1013,0.0526
b372ee768ed69e46ca8cdbd267aa7a38,SP,Southeast,63,12630.0,0,63,0.0,4.429,0.0635,12.49,0.7422,1,B,0.0669,0.1013,0.0526
d20b021d3efdf267a402c402a48ea64b,SP,Southeast,86,3922.3,14,86,0.1628,3.753,0.1647,16.99,0.3138,10,C,0.0669,0.1013,0.0526
0ea22c1cfbdc755f86b9b54b39c16043,MG,Southeast,234,10592.1,2,234,0.0085,4.411,0.0519,11.03,0.6874,2,B,0.0669,0.1013,0.0526
db2956745b3a8e9f3785c99f34b5d25e,SP,Southeast,45,8261.0,4,45,0.0889,3.844,0.1556,14.28,0.6102,8,B,0.0669,0.1013,0.0526
232a6014e7b10cba61c6c2b2ea6bb4b0,SP,Southeast,32,3819.97,1,32,0.0313,4.156,0.125,13.6,0.2951,3,B,0.0669,0.1013,0.0526
fffd5413c0700ac820c7069d66d98c89,SP,Southeast,57,8535.0,7,57,0.1228,3.893,0.1786,13.79,0.6152,9,B,0.0669,0.1013,0.0526
712e6ed8aa4aa1fa65dab41fed5737e4,SC,South,77,39385.0,16,77,0.2078,3.395,0.2237,24.69,0.929,10,C,0.0669,0.1013,0.0526
0b35c634521043bf4b47e21547b99ab5,PR,South,50,13235.65,8,50,0.16,3.408,0.2449,19.27,0.7609,10,C,0.0669,0.1013,0.0526
edb1ef5e36e0c8cd84eb3c9b003e486d,RJ,Southeast,165,79144.9,12,165,0.0727,4.442,0.0606,11.9,0.9763,7,B,0.0669,0.1013,0.0526
3361277dc30b7cccdb0c286b24219756,PR,South,29,3905.05,2,29,0.069,4.345,0.069,13.25,0.3064,7,B,0.0669,0.1013,0.0526
3c7c4a49ec3c6550809089c6a2ca9370,SP,Southeast,139,4002.75,8,139,0.0576,3.691,0.223,9.57,0.3263,6,C,0.0669,0.1013,0.0526
48162d548f5b1b11b9d29d1e01f75a61,SP,Southeast,66,20109.39,1,66,0.0152,3.985,0.1515,11.61,0.8493,2,A,0.0669,0.1013,0.0526
3fd1e727ba94cfe122d165e176ce7967,SP,Southeast,35,2747.4,7,35,0.2,3.943,0.1429,15.71,0.1843,10,C,0.0669,0.1013,0.0526
9646c3513289980f17226a2fc4720dbd,SP,Southeast,69,2964.4,2,69,0.029,4.449,0.029,11.2,0.203,3,B,0.0669,0.1013,0.0526
36a968b544695394e4e9d7572688598f,SP,Southeast,148,6864.47,5,148,0.0338,3.75,0.1689,10.73,0.5318,3,B,0.0669,0.1013,0.0526
4b5f66b7adcf57f1ecc0d3c07dd6b177,PR,South,23,6381.78,1,23,0.0435,4.091,0.1364,14.24,0.4994,4,B,0.0669,0.1013,0.0526
af4a0e4cfe1d9c26b6712b1be25a72e5,MG,Southeast,21,8757.98,1,21,0.0476,3.429,0.3333,13.36,0.6252,5,C,0.0669,0.1013,0.0526
8160255418d5aaa7dbdc9f4c64ebda44,SP,Southeast,380,46368.39,52,380,0.1368,3.955,0.1356,16.25,0.9502,10,C,0.0669,0.1013,0.0526
cee48807215b30a12ca2ca10ffb5f250,SP,Southeast,39,7212.23,5,39,0.1282,3.769,0.1795,23.63,0.5455,9,B,0.0669,0.1013,0.0526
4c03b9dd4c11ee2cb35c96c49efc9420,SP,Southeast,48,6458.6,1,48,0.0208,4.106,0.1489,10.54,0.5056,2,B,0.0669,0.1013,0.0526
a5a1bfcf728ab0e19182959cf0771ee4,SP,Southeast,21,1812.96,1,21,0.0476,4.333,0.0476,13.41,0.0922,5,B,0.0669,0.1013,0.0526
bbad7e518d7af88a0897397ffdca1979,SP,Southeast,68,4426.32,11,68,0.1618,3.179,0.3433,13.46,0.3674,10,C,0.0669,0.1013,0.0526
99a54764c341d5dc80b4a8fac4eba3fb,SP,Southeast,44,3578.76,5,44,0.1136,3.674,0.1395,7.73,0.2578,9,B,0.0669,0.1013,0.0526
282f23a9769b2690c5dda22e316f9941,MG,Southeast,98,6464.28,4,98,0.0408,4.367,0.0306,11.22,0.5081,4,B,0.0669,0.1013,0.0526
e21a1e8be4715b0fcfd5385643bc49c4,SC,South,20,673.7,0,20,0.0,3.7,0.1,16.62,0.0075,1,B,0.0669,0.1013,0.0526
8f119a0aee85c0c8fc534629734e94fd,SP,Southeast,75,3578.88,3,75,0.04,4.28,0.08,10.05,0.259,4,B,0.0669,0.1013,0.0526
b1fc4f64df5a0e8b6913ab38803c57a9,RJ,Southeast,107,7994.74,13,107,0.1215,3.857,0.1333,15.92,0.5965,9,B,0.0669,0.1013,0.0526
0ebd97a106433a45a4aebe57c1799778,MG,Southeast,31,3046.8,0,31,0.0,4.484,0.0645,9.44,0.2105,1,B,0.0669,0.1013,0.0526
a7f13822ceb966b076af67121f87b063,SP,Southeast,73,12017.69,3,73,0.0411,3.403,0.2222,22.71,0.7223,4,C,0.0669,0.1013,0.0526
80e6699fe29150b372a0c8a1ebf7dcc8,PR,South,96,11119.66,3,96,0.0313,4.337,0.0737,11.56,0.6999,3,B,0.0669,0.1013,0.0526
42ef3192a9ff87a22d1867b74b3ee205,SP,Southeast,23,1354.09,0,23,0.0,4.652,0.0435,9.31,0.0548,1,B,0.0669,0.1013,0.0526
c003204e1ab016dfa150abc119207b24,SP,Southeast,195,24904.29,10,195,0.0513,4.467,0.0462,9.63,0.878,5,A,0.0669,0.1013,0.0526
5656537e588803a555b8eb41f07a944b,DF,Center-West,171,7931.26,10,171,0.0585,3.895,0.1637,11.29,0.594,6,B,0.0669,0.1013,0.0526
503c1de08ae81a2d86f17951b204db55,SP,Southeast,22,4906.99,1,22,0.0455,4.409,0.0455,13.49,0.4085,5,B,0.0669,0.1013,0.0526
b8bc237ba3788b23da09c0f1f3a3288c,SC,South,45,13685.71,1,45,0.0222,4.318,0.0455,11.74,0.7771,2,B,0.0669,0.1013,0.0526
de23c3b98a88888289c6f5cc1209054a,SP,Southeast,161,25933.67,12,161,0.0745,4.292,0.0807,10.95,0.8842,7,B,0.0669,0.1013,0.0526
28f10b1c5e5abb9d4857745bede6147c,SP,Southeast,28,835.0,4,28,0.1429,4.0,0.1429,7.64,0.0162,10,C,0.0669,0.1013,0.0526
5dceca129747e92ff8ef7a997dc4f8ca,SP,Southeast,322,111126.73,18,322,0.0559,4.013,0.1321,11.57,0.9826,6,B,0.0669,0.1013,0.0526
3d871de0142ce09b7081e2b9d1733cb1,SP,Southeast,1064,93407.4,58,1064,0.0545,4.192,0.0769,13.51,0.9776,6,B,0.0669,0.1013,0.0526
86ccac0b835037332a596a33b6949ee1,SC,South,178,15894.34,4,178,0.0225,4.232,0.0904,12.06,0.8107,2,A,0.0669,0.1013,0.0526
3340ef1913fb70d28420f6ceb685c339,PR,South,32,6731.15,1,32,0.0313,4.375,0.0625,16.71,0.5255,3,B,0.0669,0.1013,0.0526
b74d1c09cb380e1d03a6f859c6f4224b,RJ,Southeast,30,2174.61,4,30,0.1333,4.3,0.0667,10.78,0.1258,10,C,0.0669,0.1013,0.0526
1bb2bdb95f4841f1bba2c0d2cd83d3c9,SP,Southeast,79,4905.76,5,79,0.0633,4.628,0.0385,12.41,0.4072,6,B,0.0669,0.1013,0.0526
670c26e0f1bf8d0576271d5cfaec6d2b,PR,South,77,6250.1,4,77,0.0519,4.312,0.0779,14.28,0.4907,5,B,0.0669,0.1013,0.0526
f4aba7c0bca51484c30ab7bdc34bcdd1,SP,Southeast,108,2951.9,6,108,0.0556,3.944,0.0833,10.98,0.1993,6,B,0.0669,0.1013,0.0526
e0878efa0e0b7e5313ac0b43bc04c081,PR,South,26,5025.4,4,26,0.1538,3.615,0.1923,18.13,0.4184,10,C,0.0669,0.1013,0.0526
e9d99831abad74458942f21e16f33f92,SP,Southeast,130,4922.48,13,130,0.1,3.93,0.1395,12.87,0.411,9,B,0.0669,0.1013,0.0526
dc8798cbf453b7e0f98745e396cc5616,SP,Southeast,35,1733.0,2,35,0.0571,3.371,0.2857,13.46,0.0822,6,C,0.0669,0.1013,0.0526
240b9776d844d37535668549a396af32,RJ,Southeast,35,13332.09,1,35,0.0286,4.343,0.0571,11.36,0.7659,3,B,0.0669,0.1013,0.0526
eed78ac17f7f795a19a709745f00cd4e,SP,Southeast,22,4349.5,0,22,0.0,3.773,0.1364,10.04,0.3599,2,B,0.0669,0.1013,0.0526
a2e874074c877c5a05abae80ad6e488f,SP,Southeast,40,7355.0,2,40,0.05,4.25,0.075,19.24,0.5542,5,B,0.0669,0.1013,0.0526
abcd2cb37d46c2c8fb1bf071c859fc5b,MT,Center-West,44,4817.32,2,44,0.0455,4.318,0.0227,13.89,0.401,5,B,0.0669,0.1013,0.0526
0bb738e4d789e63e2267697c42d35a2d,SP,Southeast,29,2308.4,1,28,0.0357,4.655,0.0,12.09,0.1407,4,B,0.0669,0.1013,0.0526
325f3178fb58e2a9778334621eecdbf9,SP,Southeast,36,981.7,0,36,0.0,4.444,0.0556,6.41,0.0274,1,B,0.0669,0.1013,0.0526
8c16d1f32a54d92897cc437244442e1b,SC,South,108,5642.6,1,108,0.0093,4.355,0.0654,11.0,0.4608,2,B,0.0669,0.1013,0.0526
f5a590cf36251cf1162ea35bef76fe84,SP,Southeast,113,51232.78,8,113,0.0708,4.274,0.0973,11.74,0.9577,7,B,0.0669,0.1013,0.0526
1e8b33f18b4f7598d87f5cbee2282cc2,SP,Southeast,122,17233.56,4,122,0.0328,4.4,0.0917,7.84,0.8257,3,A,0.0669,0.1013,0.0526
1da3aeb70d7989d1e6d9b0e887f97c23,SP,Southeast,261,8691.56,12,261,0.046,4.165,0.0962,8.6,0.6214,5,B,0.0669,0.1013,0.0526
5b67882648febfb6e1225e6ad7164f6b,PR,South,27,6813.48,1,27,0.037,4.0,0.1111,12.56,0.5293,4,B,0.0669,0.1013,0.0526
53e4c6e0f4312d4d2107a8c9cddf45cd,SP,Southeast,463,29587.77,22,463,0.0475,4.13,0.0824,12.02,0.8979,5,A,0.0669,0.1013,0.0526
527801b552d0077ffd170872eb49683b,SP,Southeast,90,17942.8,9,90,0.1,4.472,0.0562,13.12,0.8356,8,B,0.0669,0.1013,0.0526
7202e2ba20579a9bd1acb29e61fe71f6,SP,Southeast,51,12085.7,2,51,0.0392,3.98,0.1,13.34,0.726,4,B,0.0669,0.1013,0.0526
0509040ea3fe50071181bbc359eb7738,MG,Southeast,87,3689.35,4,87,0.046,4.477,0.0116,11.61,0.2765,5,B,0.0669,0.1013,0.0526
e89c4adbe7b1d0819dbb636e16461cf1,SP,Southeast,24,3181.3,3,24,0.125,3.833,0.1667,15.12,0.2217,9,B,0.0669,0.1013,0.0526
5c853bb56f70f4d14218944bae111d7a,SP,Southeast,23,263.13,0,23,0.0,4.0,0.1739,8.66,0.0,1,B,0.0669,0.1013,0.0526
bba74270a87732727b5a3b4fd9ac1c39,MG,Southeast,35,5964.6,0,35,0.0,4.057,0.0571,9.72,0.477,1,B,0.0669,0.1013,0.0526
835f0f7810c76831d6c7d24c7a646d4d,SP,Southeast,42,4990.2,11,42,0.2619,3.357,0.2857,18.1,0.4147,10,C,0.0669,0.1013,0.0526
238fac594e170b59c6d228f5a4f4f1d9,SP,Southeast,29,3126.0,3,29,0.1034,4.0,0.1071,12.01,0.2179,9,B,0.0669,0.1013,0.0526
5cf13accae3222c70a9cac40818ae839,MG,Southeast,148,14293.3,3,148,0.0203,4.476,0.0612,10.7,0.7858,2,B,0.0669,0.1013,0.0526
96804ea39d96eb908e7c3afdb671bb9e,MG,Southeast,37,3530.75,1,37,0.027,4.135,0.1081,12.92,0.2503,3,B,0.0669,0.1013,0.0526
57c764b4a836300be881e2ff86e449f9,SP,Southeast,28,1156.1,4,28,0.1429,4.222,0.1111,15.41,0.0361,10,C,0.0669,0.1013,0.0526
c72de06d72748d1a0dfb2125be43ba63,BA,Northeast,21,17522.0,0,21,0.0,4.476,0.0476,9.7,0.8306,1,A,0.0669,0.1013,0.0526
8d79c8a04e42d722a75097ce5cbcf2ef,CE,Northeast,26,2627.82,2,26,0.0769,4.577,0.0769,19.17,0.1681,7,B,0.0669,0.1013,0.0526
8ae520247981aa06bc94abddf5f46d34,SC,South,65,16320.99,0,65,0.0,4.446,0.0615,10.98,0.8194,1,A,0.0669,0.1013,0.0526
ac3508719a1d8f5b7614b798f70af136,RS,South,101,12446.14,2,101,0.0198,4.64,0.02,9.46,0.7385,2,B,0.0669,0.1013,0.0526
4a3ca9315b744ce9f8e9374361493884,SP,Southeast,1772,196882.12,172,1772,0.0971,3.853,0.1375,14.49,0.9975,8,B,0.0669,0.1013,0.0526
6f892e20a171e98efe17fdb971ff319b,SP,Southeast,41,6049.0,4,41,0.0976,4.15,0.1,17.36,0.4832,8,B,0.0669,0.1013,0.0526
4bfc7a4a1cf8d4d2121c27422d9e50b5,SP,Southeast,26,8124.4,1,26,0.0385,4.538,0.0385,8.02,0.6015,4,B,0.0669,0.1013,0.0526
634964b17796e64304cadf1ad3050fb7,RJ,Southeast,265,39114.1,25,265,0.0943,4.057,0.1208,14.67,0.9278,8,B,0.0669,0.1013,0.0526
3078096983cf766a32a06257648502d1,SP,Southeast,56,7910.84,2,56,0.0357,4.304,0.0714,12.07,0.5928,4,B,0.0669,0.1013,0.0526
bccf933e006e9b94a6184af782963e77,SP,Southeast,45,4162.74,1,45,0.0222,4.523,0.0227,11.7,0.3462,2,B,0.0669,0.1013,0.0526
b33e7c55446eabf8fe1a42d037ac7d6d,SP,Southeast,149,44215.17,17,149,0.1141,4.201,0.094,16.28,0.9427,9,B,0.0669,0.1013,0.0526
218d46b86c1881d022bce9c68a7d4b15,SP,Southeast,382,53710.3,33,382,0.0864,4.184,0.1053,13.9,0.9601,8,B,0.0669,0.1013,0.0526
813348c996469b40f2e028d5429d3495,SP,Southeast,172,10813.53,8,172,0.0465,4.065,0.1065,10.17,0.6936,5,B,0.0669,0.1013,0.0526
2745f798279e0ed033addcc1474776d7,SP,Southeast,32,3668.53,3,32,0.0938,3.968,0.0968,13.36,0.274,8,B,0.0669,0.1013,0.0526
3b15288545f8928d3e65a8f949a28291,SP,Southeast,101,13764.82,7,101,0.0693,4.08,0.1,14.46,0.7783,7,B,0.0669,0.1013,0.0526
cce6ab8d1682639fe45ab70234f1665f,SP,Southeast,61,2442.7,2,61,0.0328,4.508,0.0492,15.36,0.1532,3,B,0.0669,0.1013,0.0526
f41ce2e25237f9092cd8e6e7516c7a2f,SP,Southeast,26,1961.9,0,26,0.0,4.423,0.0,8.77,0.1046,2,B,0.0669,0.1013,0.0526
8e6cc767478edae941d9bd9eb778d77a,MG,Southeast,100,5929.35,6,100,0.06,4.061,0.0816,16.62,0.4732,6,B,0.0669,0.1013,0.0526
c8467937e403e76a8ee9f0ab13f6f5ef,MG,Southeast,30,1853.79,4,30,0.1333,4.071,0.1429,16.95,0.0959,10,C,0.0669,0.1013,0.0526
4992e76a42cb3aad7a7047e0d3d7e729,SP,Southeast,56,2171.2,3,56,0.0536,3.964,0.1607,7.71,0.1245,6,B,0.0669,0.1013,0.0526
0afccdb8a34ee5c79f7c06faf2b4d56e,MG,Southeast,24,1185.6,2,24,0.0833,4.087,0.087,13.47,0.0386,8,B,0.0669,0.1013,0.0526
4da0e408c99d2fdc2126dc9fce518060,PR,South,44,3026.0,0,44,0.0,4.409,0.0455,9.28,0.2092,1,B,0.0669,0.1013,0.0526
8b28d096634035667e8263d57ba3368c,SP,Southeast,139,9025.3,15,139,0.1079,4.015,0.1314,14.07,0.6339,9,B,0.0669,0.1013,0.0526
4371b634e0efc0e22b09b52907d9d469,SP,Southeast,101,8168.0,7,101,0.0693,4.48,0.05,11.12,0.6065,7,B,0.0669,0.1013,0.0526
bd23da7354813347129d751591d1a6e2,SP,Southeast,86,9704.6,2,86,0.0233,4.118,0.0941,9.87,0.6687,2,B,0.0669,0.1013,0.0526
412a4720f3e9431b4afa1476a1acddbe,SP,Southeast,21,2058.1,1,21,0.0476,4.238,0.0476,10.53,0.1133,5,B,0.0669,0.1013,0.0526
8f2ce03f928b567e3d56181ae20ae952,SP,Southeast,151,21213.2,19,151,0.1258,4.147,0.1067,14.38,0.8543,9,B,0.0669,0.1013,0.0526
d4e12e7884759a14fa0f5f896c791cae,SP,Southeast,29,1400.0,2,29,0.069,4.621,0.069,8.42,0.0573,7,B,0.0669,0.1013,0.0526
e24fc9fcd865784fb25705606fe3dfe7,SP,Southeast,51,12768.0,4,51,0.0784,4.157,0.0392,12.58,0.7497,7,B,0.0669,0.1013,0.0526
900ba814c251a692506d7834c1218441,SP,Southeast,86,28833.03,12,86,0.1395,4.226,0.0714,12.48,0.8941,10,C,0.0669,0.1013,0.0526
afe0067131b73e40875c9b6c10bd2e21,MG,Southeast,45,5040.5,2,45,0.0444,4.273,0.0682,15.47,0.4209,5,B,0.0669,0.1013,0.0526
542917da124346b47ea1ac79a93ce454,PR,South,20,1303.9,1,20,0.05,4.15,0.1,11.58,0.0523,5,B,0.0669,0.1013,0.0526
8a32e327fe2c1b3511609d81aaf9f042,SP,Southeast,126,6101.12,4,126,0.0317,3.944,0.12,8.87,0.4869,3,B,0.0669,0.1013,0.0526
31561f325664a8a7aba4c8d0c3a9b3db,SP,Southeast,36,2702.19,0,36,0.0,4.639,0.0,7.39,0.1781,1,B,0.0669,0.1013,0.0526
d23019c84ffae2d5ef2270367b8605fc,PR,South,39,29205.1,1,39,0.0256,4.41,0.0256,11.28,0.8966,3,A,0.0669,0.1013,0.0526
4869f7a5dfa277a7dca6462dcf3b52b2,SP,Southeast,1124,226987.93,118,1124,0.105,4.151,0.103,15.06,1.0,9,B,0.0669,0.1013,0.0526
37515688008a7a40ac93e3b2e4ab203f,SP,Southeast,227,5954.1,18,227,0.0793,4.102,0.0622,15.23,0.4757,7,B,0.0669,0.1013,0.0526
080102cd0a76b09e0dcf55fcacc60e05,MG,Southeast,122,5612.65,5,122,0.041,4.516,0.041,9.91,0.4583,4,B,0.0669,0.1013,0.0526
b2ac621f0d0322434d04a12b078b9369,PR,South,30,9575.5,3,30,0.1,4.4,0.0667,14.67,0.6638,8,B,0.0669,0.1013,0.0526
17306570e772e7718c92a562d33f5f1d,SP,Southeast,27,8640.0,2,27,0.0741,3.778,0.1852,14.35,0.6164,7,B,0.0669,0.1013,0.0526
244c2f1bff6afe1f2eaf9bfe9b2aed38,SP,Southeast,23,2580.0,2,23,0.087,3.652,0.1739,13.99,0.1644,8,B,0.0669,0.1013,0.0526
71039d19d4303bf9054d69e9a9236699,SP,Southeast,35,3537.2,7,35,0.2,3.8,0.2,13.89,0.2516,10,C,0.0669,0.1013,0.0526
4d6d651bd7684af3fffabd5f08d12e5a,SP,Southeast,363,42999.0,14,363,0.0386,4.224,0.1022,13.02,0.9377,4,A,0.0669,0.1013,0.0526
b76dba6c951ab00dc4edf0a1aa88037e,SP,Southeast,157,2545.31,5,157,0.0318,4.219,0.0839,10.38,0.1582,3,B,0.0669,0.1013,0.0526
b4ffb71f0cb1b1c3d63fad021ecf93e1,SP,Southeast,143,6635.69,3,143,0.021,4.245,0.0909,10.11,0.5205,2,B,0.0669,0.1013,0.0526
974cf2cb8f4b7add98709c30df02fe10,SP,Southeast,30,2694.7,1,30,0.0333,4.167,0.0667,11.27,0.1756,3,B,0.0669,0.1013,0.0526
3c487ae8f8d7542beff5788e2e0aea83,DF,Center-West,30,9385.7,1,30,0.0333,4.2,0.1,13.74,0.655,3,B,0.0669,0.1013,0.0526
4a3ccda38b2129705f3fb522db62ca31,SP,Southeast,64,16169.09,4,64,0.0625,3.938,0.1563,13.32,0.8169,6,B,0.0669,0.1013,0.0526
33576ec5412fb5905d876f12f33bfde6,PR,South,31,2718.0,1,31,0.0323,4.097,0.0968,14.82,0.1793,3,B,0.0669,0.1013,0.0526
056b4ada5bbc2c50cc7842547dda6b51,RJ,Southeast,64,12203.4,7,64,0.1094,4.206,0.127,12.78,0.7335,9,B,0.0669,0.1013,0.0526
34056b8b55c1775a22af2331670a799c,SP,Southeast,77,6398.7,9,77,0.1169,4.039,0.1039,12.93,0.5006,9,B,0.0669,0.1013,0.0526
23c38debaffe4a25a30fdbd9b586a13f,SP,Southeast,41,5382.18,5,41,0.122,4.317,0.0244,11.48,0.4483,9,B,0.0669,0.1013,0.0526
c9c7905cffc4ef9ff9f113554423e671,SP,Southeast,127,10657.18,10,127,0.0787,4.142,0.0945,11.09,0.6899,7,B,0.0669,0.1013,0.0526
75d34ebb1bd0bd7dde40dd507b8169c3,BA,Northeast,57,12656.33,7,57,0.1228,3.93,0.1228,16.05,0.7447,9,B,0.0669,0.1013,0.0526
e5e33c0d8e7e002f398f5dc4cbbb338f,SP,Southeast,26,6494.9,2,26,0.0769,4.577,0.0385,12.07,0.5093,7,B,0.0669,0.1013,0.0526
57e632711dec9ec14ca7546769483e7e,SC,South,62,6350.06,0,62,0.0,4.419,0.0323,10.93,0.4969,1,B,0.0669,0.1013,0.0526
cb3dd9ce66268c7a3ca7241ac70ab58c,SP,Southeast,48,2788.32,2,48,0.0417,4.188,0.0833,14.01,0.188,4,B,0.0669,0.1013,0.0526
1f1bb1f0859883505541bdd6606193e5,SP,Southeast,27,16040.84,3,27,0.1111,4.333,0.037,13.98,0.8144,9,B,0.0669,0.1013,0.0526
4200ddf1967c5e41e48db62bc6d4b5ac,SP,Southeast,22,734.8,1,22,0.0455,4.263,0.0526,10.27,0.0125,5,B,0.0669,0.1013,0.0526
c847e075301870dd144a116762eaff9a,MG,Southeast,41,15248.8,3,41,0.0732,4.2,0.1,16.93,0.7995,7,B,0.0669,0.1013,0.0526
a5cba26a62b8b4d0145b68b841e62e7f,PR,South,53,14438.84,1,53,0.0189,4.566,0.0377,13.18,0.7883,2,B,0.0669,0.1013,0.0526
1025f0e2d44d7041d6cf58b6550e0bfa,SP,Southeast,910,138208.56,72,910,0.0791,4.007,0.1308,12.39,0.99,7,B,0.0669,0.1013,0.0526
891071be6ba827b591264c90c2ae8a63,SP,Southeast,85,3763.35,12,85,0.1412,3.953,0.1529,13.71,0.2864,10,C,0.0669,0.1013,0.0526
3c4e0452bff7a2a788179488d3d77032,PR,South,32,3746.4,1,32,0.0313,3.839,0.129,13.83,0.2839,3,B,0.0669,0.1013,0.0526
827f8f69dfa529c561901c4f2e0f332f,PR,South,91,3408.39,6,91,0.0659,4.281,0.0562,13.68,0.2391,6,B,0.0669,0.1013,0.0526
59fb871bf6f4522a87ba567b42dafecf,SP,Southeast,123,21178.6,7,123,0.0569,4.276,0.0732,12.0,0.8531,6,B,0.0669,0.1013,0.0526
a1043bafd471dff536d0c462352beb48,MG,Southeast,702,99309.23,35,702,0.0499,4.276,0.0743,13.65,0.9788,5,A,0.0669,0.1013,0.0526
3b872fd4747f01cc56206f2934198618,SP,Southeast,25,2726.74,4,25,0.16,3.88,0.12,14.49,0.1818,10,C,0.0669,0.1013,0.0526
92eb0f42c21942b6552362b9b114707d,SP,Southeast,334,6416.41,16,334,0.0479,4.021,0.1145,13.71,0.5044,5,B,0.0669,0.1013,0.0526
5debea795b07621e1f90532e18f96145,PR,South,25,1883.78,0,25,0.0,4.36,0.04,10.35,0.1009,1,B,0.0669,0.1013,0.0526
2709af9587499e95e803a6498a5a56e9,SP,Southeast,25,1180.56,3,25,0.12,3.958,0.1667,11.05,0.0374,9,B,0.0669,0.1013,0.0526
725c32fa80c2faacc4fc88450d27314e,SP,Southeast,89,7838.88,1,89,0.0112,4.517,0.0115,9.41,0.589,2,B,0.0669,0.1013,0.0526
850913d59ce317156b00f3705f1c3edb,SP,Southeast,29,2183.0,5,29,0.1724,3.586,0.1724,13.54,0.127,10,C,0.0669,0.1013,0.0526
e8b3a3a38279a82f0e5d006d5e5b7d2c,PR,South,80,11762.4,3,80,0.0375,4.013,0.1375,17.31,0.7111,4,B,0.0669,0.1013,0.0526
b17b679f4f5ce2e03ce6968c62648246,SP,Southeast,50,3424.18,8,50,0.16,3.98,0.14,19.23,0.2416,10,C,0.0669,0.1013,0.0526
0db783cfcd3b73998abc6e10e59a102f,SP,Southeast,132,9077.4,5,132,0.0379,4.206,0.0763,11.62,0.6413,4,B,0.0669,0.1013,0.0526
52f9db5cfb423382a2fa5c9e39303202,SP,Southeast,21,1218.78,0,21,0.0,4.286,0.0952,10.17,0.0473,1,B,0.0669,0.1013,0.0526
431af27f296bc6519d890aa5a05fdb11,SP,Southeast,116,12974.6,16,116,0.1379,3.8,0.1826,17.23,0.7534,10,C,0.0669,0.1013,0.0526
0be8ff43f22e456b4e0371b2245e4d01,SP,Southeast,156,11336.0,10,156,0.0641,4.032,0.1218,10.4,0.7061,6,B,0.0669,0.1013,0.0526
1835b56ce799e6a4dc4eddc053f04066,SP,Southeast,417,33005.32,43,417,0.1031,3.667,0.2005,13.24,0.9153,9,B,0.0669,0.1013,0.0526
2e13c71026e1a39ba5cc1b86dcb679aa,SP,Southeast,24,3793.0,1,24,0.0417,4.375,0.0833,10.57,0.2939,4,B,0.0669,0.1013,0.0526
13d058e4eeac2ce8217660b2f8a05812,SP,Southeast,22,3739.78,2,22,0.0909,4.182,0.0909,11.4,0.2827,8,B,0.0669,0.1013,0.0526
e48b04bf1aa1ef711caebeb7aede6180,PR,South,25,3187.1,0,25,0.0,4.48,0.08,10.54,0.2229,1,B,0.0669,0.1013,0.0526
f67efa3f0b6761102a7f8c6b7b571f5d,PR,South,31,5188.68,0,31,0.0,4.484,0.0645,9.98,0.4346,2,B,0.0669,0.1013,0.0526
382229d1e840115ffe3dbf5ff460e417,RJ,Southeast,45,4037.06,3,45,0.0667,4.267,0.0889,9.3,0.3275,6,B,0.0669,0.1013,0.0526
5c243662ce92d84573bfaff24c3e3700,SP,Southeast,98,32862.02,1,98,0.0102,4.144,0.0515,10.91,0.9141,2,A,0.0669,0.1013,0.0526
fd386aa7bed2af3c7035c65506c9b4a3,SP,Southeast,69,2304.15,7,69,0.1014,4.348,0.0725,8.56,0.1395,9,B,0.0669,0.1013,0.0526
41c2bad7229b0c25e6becf179ebf63ff,RN,Northeast,20,782.0,0,20,0.0,4.95,0.0,4.69,0.0137,1,B,0.0669,0.1013,0.0526
4559697a8f7e637227c2eeaed843baff,SP,Southeast,39,3486.3,3,39,0.0769,4.205,0.1026,12.94,0.2478,7,B,0.0669,0.1013,0.0526
42fa4ee7240e9b8eb4576358ec142ba7,RS,South,22,3845.7,0,22,0.0,4.81,0.0,6.92,0.2976,1,B,0.0669,0.1013,0.0526
7ecd59e5e20407131822c1a68ac59c1f,DF,Center-West,24,1466.71,3,24,0.125,4.417,0.0417,17.21,0.0623,9,B,0.0669,0.1013,0.0526
e8f6dc8e6a1dcde89d20e3995c8d90b3,SP,Southeast,35,2148.74,3,35,0.0857,4.0,0.0857,12.94,0.1208,8,B,0.0669,0.1013,0.0526
81a1104df0f08b59c68aa5b03cfe398e,PR,South,72,9320.98,3,72,0.0417,4.314,0.0714,12.83,0.6513,4,B,0.0669,0.1013,0.0526
750303a20e9c56b2a6bc45cdce0b897d,GO,Center-West,53,7876.0,2,53,0.0377,4.302,0.0943,14.1,0.5903,4,B,0.0669,0.1013,0.0526
f8db351d8c4c4c22c6835c19a46f01b0,SP,Southeast,659,50082.6,28,659,0.0425,4.264,0.0686,9.87,0.9539,4,A,0.0669,0.1013,0.0526
1838dd9b8977065acf51d95e0053ea7a,MG,Southeast,62,2750.5,2,62,0.0323,4.371,0.0806,12.79,0.1868,3,B,0.0669,0.1013,0.0526
39d54ff918774174706fb065d7f9dc07,SP,Southeast,22,1554.69,2,22,0.0909,4.045,0.1818,13.9,0.0685,8,B,0.0669,0.1013,0.0526
1ca7077d890b907f89be8c954a02686a,SP,Southeast,108,12474.64,18,108,0.1667,2.393,0.5234,15.54,0.7397,10,C,0.0669,0.1013,0.0526
d566c37fa119d5e66c4e9052e83ee4ea,SP,Southeast,65,5145.7,0,65,0.0,4.688,0.0313,5.81,0.4296,1,B,0.0669,0.1013,0.0526
2199e7fe213c16213bf5d6a7eadc9a5d,SP,Southeast,24,3767.29,1,24,0.0417,4.375,0.0417,10.78,0.2902,4,B,0.0669,0.1013,0.0526
2b3e4a2a3ea8e01938cabda2a3e5cc79,SP,Southeast,52,23629.15,0,52,0.0,4.365,0.0769,8.78,0.8705,1,A,0.0669,0.1013,0.0526
e333046ce6517bd8bb510291d44f0130,SP,Southeast,68,7268.0,3,68,0.0441,4.338,0.0735,10.16,0.5492,5,B,0.0669,0.1013,0.0526
83e197e95a1bbabc8c75e883ed016c47,RJ,Southeast,46,6574.19,1,46,0.0217,4.804,0.0217,10.44,0.5156,2,B,0.0669,0.1013,0.0526
17f51e7198701186712e53a39c564617,SP,Southeast,56,48019.0,5,56,0.0893,4.339,0.0536,23.24,0.9514,8,B,0.0669,0.1013,0.0526
70a12e78e608ac31179aea7f8422044b,SP,Southeast,312,29963.53,29,312,0.0929,3.813,0.1452,14.71,0.8991,8,B,0.0669,0.1013,0.0526
808d4348b916efa08e766ebad39f61eb,SP,Southeast,20,712.95,1,20,0.05,4.6,0.05,7.96,0.0112,5,B,0.0669,0.1013,0.0526
ff063b022a9a0aab91bad2c9088760b7,SP,Southeast,94,12076.5,3,94,0.0319,4.312,0.0538,9.39,0.7235,3,B,0.0669,0.1013,0.0526
82bd0703a4aefd6b599e5bfdaed378fb,SP,Southeast,20,2394.28,1,20,0.05,4.05,0.15,11.61,0.1507,5,B,0.0669,0.1013,0.0526
beadbee30901a7f61d031b6b686095ad,SP,Southeast,64,4373.98,15,64,0.2344,3.906,0.1406,14.1,0.3624,10,C,0.0669,0.1013,0.0526
25cf099de44674fde97473224f9d59ab,SP,Southeast,50,1654.36,2,50,0.04,4.327,0.0408,9.39,0.0772,4,B,0.0669,0.1013,0.0526
7139dc5186aa238b006e066d8fbab2e4,SP,Southeast,22,1712.0,3,22,0.1364,4.0,0.1905,14.81,0.0797,10,C,0.0669,0.1013,0.0526
d94a40fd42351c259927028d163af842,MG,Southeast,100,13674.8,3,100,0.03,4.214,0.0714,13.94,0.7758,3,B,0.0669,0.1013,0.0526
0885aaf116795758dfeb5f1032487bcd,SP,Southeast,27,2573.1,0,27,0.0,4.259,0.037,5.99,0.1631,1,B,0.0669,0.1013,0.0526
6288c69c4ce638e59925e59193f98b16,SP,Southeast,20,4196.8,1,20,0.05,4.25,0.05,9.61,0.3499,5,B,0.0669,0.1013,0.0526
dfc5fb7259bb2b599ca565e6e9448f0f,SP,Southeast,33,6124.63,1,33,0.0303,4.121,0.0909,13.26,0.4882,3,B,0.0669,0.1013,0.0526
2bf6a2c1e71bbd29a4ad64e6d3c3629f,RJ,Southeast,30,50628.9,2,30,0.0667,4.167,0.1333,13.65,0.9552,6,B,0.0669,0.1013,0.0526
06579cb253ecd5a3a12a9e6eb6bf8f47,SP,Southeast,61,4587.4,4,61,0.0656,4.131,0.0984,9.94,0.3811,6,B,0.0669,0.1013,0.0526
8ab42aa58097fd4668d60cc648225d5f,GO,Center-West,20,2616.75,0,20,0.0,4.2,0.05,10.36,0.1669,1,B,0.0669,0.1013,0.0526
46dc3b2cc0980fb8ec44634e21d2718e,RJ,Southeast,503,122811.38,29,503,0.0577,4.274,0.0926,11.93,0.9875,6,B,0.0669,0.1013,0.0526
81f89e42267213cb94da7ddc301651da,SP,Southeast,46,3955.0,0,46,0.0,3.674,0.1739,7.45,0.3163,1,B,0.0669,0.1013,0.0526
58f1a6197ed863543e0136bdedb3fce2,MG,Southeast,44,6833.0,1,42,0.0238,4.182,0.1136,10.3,0.5305,2,B,0.0669,0.1013,0.0526
df56d7b40d437f88407c5f78b63bc328,PR,South,22,2791.28,1,22,0.0455,4.091,0.1364,12.59,0.1893,5,B,0.0669,0.1013,0.0526
165fc07beebdcb6190fba8a06db2a449,PR,South,50,17481.4,4,50,0.08,3.8,0.18,12.98,0.8294,7,B,0.0669,0.1013,0.0526
0691148aee60ca47977c187804f935ae,PR,South,47,5868.51,1,47,0.0213,4.17,0.1064,11.94,0.4707,2,B,0.0669,0.1013,0.0526
cac876b37d3abcd6bd76caca30277996,PR,South,27,2229.77,0,27,0.0,4.462,0.0385,9.91,0.1333,1,B,0.0669,0.1013,0.0526
70eea00b476a314817cefde4aad4f89a,SP,Southeast,106,31424.75,7,106,0.066,4.41,0.0476,13.4,0.9078,6,B,0.0669,0.1013,0.0526
7040e82f899a04d1b434b795a43b4617,SP,Southeast,208,9213.7,16,208,0.0769,3.65,0.1602,10.51,0.6451,7,B,0.0669,0.1013,0.0526
d66c305afaec317ebee552073a674429,MG,Southeast,38,4126.59,1,38,0.0263,4.447,0.0526,9.69,0.3362,3,B,0.0669,0.1013,0.0526
42bde9fef835393bb8a8849cb6b7f245,DF,Center-West,34,7574.0,1,34,0.0294,4.353,0.0294,10.37,0.5729,3,B,0.0669,0.1013,0.0526
66922902710d126a0e7d26b0e3805106,MG,Southeast,150,14267.3,11,150,0.0733,4.497,0.0336,11.32,0.7846,7,B,0.0669,0.1013,0.0526
05f51e13da97139648b8125c31e5f51b,MG,Southeast,57,13100.31,9,57,0.1579,4.228,0.1404,12.51,0.7584,10,C,0.0669,0.1013,0.0526
7d456afc660226829370f3173d14520c,SP,Southeast,55,8118.25,2,55,0.0364,4.345,0.0727,8.5,0.6002,4,B,0.0669,0.1013,0.0526
1900267e848ceeba8fa32d80c1a5f5a8,SP,Southeast,406,24639.57,33,406,0.0813,3.86,0.1429,13.15,0.8742,7,B,0.0669,0.1013,0.0526
157c3e4b42f81ac4a44e8b1ca2fe9876,SP,Southeast,23,2548.5,2,23,0.087,3.696,0.1739,10.98,0.1594,8,B,0.0669,0.1013,0.0526
d5ba419e26d246a0719437cf37d9b46d,SP,Southeast,33,3911.5,3,33,0.0909,4.0,0.1563,9.78,0.3101,8,B,0.0669,0.1013,0.0526
15aac934c58d886785ac1b17953ea898,ES,Southeast,25,4353.9,3,25,0.12,4.24,0.08,14.31,0.3611,9,B,0.0669,0.1013,0.0526
f789d2c4f2c2eb38fc4373e7a4b35264,MG,Southeast,44,4864.24,2,44,0.0455,4.159,0.1136,10.94,0.406,5,B,0.0669,0.1013,0.0526
31da954dc0855f2495c6310f70a2f931,SP,Southeast,29,4583.0,2,29,0.069,4.207,0.1034,8.17,0.3798,7,B,0.0669,0.1013,0.0526
17e34d8224d27a541263c4c64b11a56b,SP,Southeast,247,54440.28,19,247,0.0769,4.253,0.0857,14.27,0.9639,7,B,0.0669,0.1013,0.0526
e2aee0892199b1d92530e371abd825bf,PR,South,36,5392.77,5,36,0.1389,3.889,0.1667,15.51,0.4508,10,C,0.0669,0.1013,0.0526
870d0118f7a9d85960f29ad89d5d989a,MG,Southeast,45,3157.2,2,45,0.0444,4.044,0.0889,14.46,0.2204,5,B,0.0669,0.1013,0.0526
ec8879960bd2221d5c32f8e12f7da711,SP,Southeast,35,3957.5,6,35,0.1714,4.294,0.1176,16.5,0.32,10,C,0.0669,0.1013,0.0526
a938325a4b357fd23a6a4d5bb126408e,RJ,Southeast,24,3231.0,1,24,0.0417,3.833,0.1667,13.24,0.2279,4,B,0.0669,0.1013,0.0526
a3dd39f583bc80bd8c5901c95878921e,BA,Northeast,34,4607.81,1,34,0.0294,4.588,0.0294,12.46,0.3836,3,B,0.0669,0.1013,0.0526
06df0c10d34e459d9672bc77388742eb,PR,South,26,9070.0,1,26,0.0385,4.346,0.0769,10.08,0.6401,4,B,0.0669,0.1013,0.0526
3c03b12bab54d8b37d79d914bfdb1aa0,RJ,Southeast,37,4236.34,6,37,0.1622,3.833,0.1944,13.62,0.3524,10,C,0.0669,0.1013,0.0526
9d5a9018aee56acb367ba9c3f05d1d6a,GO,Center-West,66,10119.98,1,66,0.0152,4.455,0.0758,15.02,0.6775,2,B,0.0669,0.1013,0.0526
f9244d45189d3a3605499abddeade7d5,SP,Southeast,20,15081.44,0,20,0.0,4.35,0.05,15.18,0.7958,2,B,0.0669,0.1013,0.0526
198c7ea11960a9844b544d9bcdca860c,MG,Southeast,25,1733.75,2,25,0.08,3.88,0.2,14.51,0.0834,7,B,0.0669,0.1013,0.0526
66e0557ecc2b4dbea057e93f215f68d8,SP,Southeast,30,12141.0,6,30,0.2,4.033,0.0667,31.73,0.7285,10,C,0.0669,0.1013,0.0526
daeb5653dd96c1b11860f72209795012,MG,Southeast,38,1864.1,3,38,0.0789,4.211,0.0789,11.65,0.0971,7,B,0.0669,0.1013,0.0526
ea67327e24487bdfac5fbfa37ea124df,SP,Southeast,32,6250.18,1,32,0.0313,3.531,0.2188,8.72,0.4919,3,C,0.0669,0.1013,0.0526
c70c1b0d8ca86052f45a432a38b73958,SP,Southeast,260,36289.15,14,260,0.0538,4.368,0.0775,8.08,0.9215,6,B,0.0669,0.1013,0.0526
